2026-01-03 04:57:49 | INFO     | PyTorch 2.8.0+cu128 | CUDA 12.8
2026-01-03 04:57:49 | INFO     | World size: 8 | Data: /blue/wdixon/wang.yixuan/lypcdf/imagenet_folder
2026-01-03 04:57:49 | INFO     | ======================================================================
2026-01-03 04:57:49 | INFO     | Model: resnet50 | Optimizer: adamw
2026-01-03 04:57:49 | INFO     | Global batch: 1024 | Per-GPU: 128 | Epochs: 90
2026-01-03 04:57:49 | INFO     | LR: 0.001 | WD: 0.05
2026-01-03 04:57:49 | INFO     | ======================================================================
2026-01-03 04:57:51 | INFO     | Train: 1281167 samples, 1251 steps/epoch
2026-01-03 04:57:51 | INFO     | Val: 50000 samples
2026-01-03 04:57:55 | INFO     | Parameters: 25.6M
2026-01-03 04:58:13 | DEBUG    | E1 S100/1251: loss=6.8894, lr=1.58e-05
2026-01-03 04:58:30 | DEBUG    | E1 S200/1251: loss=6.8801, lr=3.18e-05
2026-01-03 04:58:46 | DEBUG    | E1 S300/1251: loss=6.7837, lr=4.78e-05
2026-01-03 04:59:02 | DEBUG    | E1 S400/1251: loss=6.4247, lr=6.38e-05
2026-01-03 04:59:18 | DEBUG    | E1 S500/1251: loss=6.0872, lr=7.98e-05
2026-01-03 04:59:35 | DEBUG    | E1 S600/1251: loss=6.0847, lr=9.58e-05
2026-01-03 04:59:51 | DEBUG    | E1 S700/1251: loss=5.7610, lr=1.12e-04
2026-01-03 05:00:07 | DEBUG    | E1 S800/1251: loss=5.8511, lr=1.28e-04
2026-01-03 05:00:23 | DEBUG    | E1 S900/1251: loss=5.5389, lr=1.44e-04
2026-01-03 05:00:40 | DEBUG    | E1 S1000/1251: loss=5.6692, lr=1.60e-04
2026-01-03 05:00:56 | DEBUG    | E1 S1100/1251: loss=5.2727, lr=1.76e-04
2026-01-03 05:01:12 | DEBUG    | E1 S1200/1251: loss=4.9597, lr=1.92e-04
2026-01-03 05:02:20 | INFO     | E  1/90: loss=6.0681, train=3.2%, val=8.30%*, 6324 img/s
2026-01-03 05:02:37 | DEBUG    | E2 S100/1251: loss=4.8043, lr=2.16e-04
2026-01-03 05:02:51 | DEBUG    | E2 S200/1251: loss=5.0789, lr=2.32e-04
2026-01-03 05:03:07 | DEBUG    | E2 S300/1251: loss=4.8742, lr=2.48e-04
2026-01-03 05:03:21 | DEBUG    | E2 S400/1251: loss=4.7914, lr=2.64e-04
2026-01-03 05:03:36 | DEBUG    | E2 S500/1251: loss=4.3656, lr=2.80e-04
2026-01-03 05:03:50 | DEBUG    | E2 S600/1251: loss=4.5563, lr=2.96e-04
2026-01-03 05:04:05 | DEBUG    | E2 S700/1251: loss=4.3612, lr=3.12e-04
2026-01-03 05:04:20 | DEBUG    | E2 S800/1251: loss=4.3512, lr=3.28e-04
2026-01-03 05:04:36 | DEBUG    | E2 S900/1251: loss=4.2475, lr=3.44e-04
2026-01-03 05:04:51 | DEBUG    | E2 S1000/1251: loss=4.2386, lr=3.60e-04
2026-01-03 05:05:06 | DEBUG    | E2 S1100/1251: loss=4.0298, lr=3.76e-04
2026-01-03 05:05:20 | DEBUG    | E2 S1200/1251: loss=3.8510, lr=3.92e-04
2026-01-03 05:06:28 | INFO     | E  2/90: loss=4.5109, train=15.3%, val=18.42%*, 6958 img/s
2026-01-03 05:06:45 | DEBUG    | E3 S100/1251: loss=4.1178, lr=4.16e-04
2026-01-03 05:07:00 | DEBUG    | E3 S200/1251: loss=3.7704, lr=4.32e-04
2026-01-03 05:07:14 | DEBUG    | E3 S300/1251: loss=3.7727, lr=4.48e-04
2026-01-03 05:07:29 | DEBUG    | E3 S400/1251: loss=3.6298, lr=4.64e-04
2026-01-03 05:07:43 | DEBUG    | E3 S500/1251: loss=3.5691, lr=4.80e-04
2026-01-03 05:07:57 | DEBUG    | E3 S600/1251: loss=4.1247, lr=4.96e-04
2026-01-03 05:08:12 | DEBUG    | E3 S700/1251: loss=3.5746, lr=5.12e-04
2026-01-03 05:08:26 | DEBUG    | E3 S800/1251: loss=3.8160, lr=5.28e-04
2026-01-03 05:08:42 | DEBUG    | E3 S900/1251: loss=3.2329, lr=5.44e-04
2026-01-03 05:08:56 | DEBUG    | E3 S1000/1251: loss=3.0808, lr=5.60e-04
2026-01-03 05:09:11 | DEBUG    | E3 S1100/1251: loss=3.0097, lr=5.76e-04
2026-01-03 05:09:27 | DEBUG    | E3 S1200/1251: loss=3.5971, lr=5.92e-04
2026-01-03 05:10:36 | INFO     | E  3/90: loss=3.6990, train=25.5%, val=30.56%*, 6964 img/s
2026-01-03 05:10:53 | DEBUG    | E4 S100/1251: loss=3.2807, lr=6.16e-04
2026-01-03 05:11:07 | DEBUG    | E4 S200/1251: loss=3.3017, lr=6.32e-04
2026-01-03 05:11:21 | DEBUG    | E4 S300/1251: loss=3.5021, lr=6.48e-04
2026-01-03 05:11:36 | DEBUG    | E4 S400/1251: loss=3.1692, lr=6.64e-04
2026-01-03 05:11:51 | DEBUG    | E4 S500/1251: loss=3.3194, lr=6.80e-04
2026-01-03 05:12:06 | DEBUG    | E4 S600/1251: loss=3.0977, lr=6.96e-04
2026-01-03 05:12:20 | DEBUG    | E4 S700/1251: loss=2.8799, lr=7.12e-04
2026-01-03 05:12:35 | DEBUG    | E4 S800/1251: loss=3.1360, lr=7.28e-04
2026-01-03 05:12:50 | DEBUG    | E4 S900/1251: loss=2.8174, lr=7.44e-04
2026-01-03 05:13:05 | DEBUG    | E4 S1000/1251: loss=3.0040, lr=7.60e-04
2026-01-03 05:13:20 | DEBUG    | E4 S1100/1251: loss=3.2676, lr=7.76e-04
2026-01-03 05:13:34 | DEBUG    | E4 S1200/1251: loss=3.0029, lr=7.92e-04
2026-01-03 05:14:43 | INFO     | E  4/90: loss=3.2154, train=33.0%, val=31.40%*, 7003 img/s
2026-01-03 05:15:01 | DEBUG    | E5 S100/1251: loss=3.1599, lr=8.16e-04
2026-01-03 05:15:15 | DEBUG    | E5 S200/1251: loss=2.9868, lr=8.32e-04
2026-01-03 05:15:29 | DEBUG    | E5 S300/1251: loss=2.9246, lr=8.48e-04
2026-01-03 05:15:44 | DEBUG    | E5 S400/1251: loss=2.8824, lr=8.64e-04
2026-01-03 05:15:59 | DEBUG    | E5 S500/1251: loss=3.3448, lr=8.80e-04
2026-01-03 05:16:14 | DEBUG    | E5 S600/1251: loss=2.7280, lr=8.96e-04
2026-01-03 05:16:28 | DEBUG    | E5 S700/1251: loss=2.9207, lr=9.12e-04
2026-01-03 05:16:43 | DEBUG    | E5 S800/1251: loss=2.7128, lr=9.28e-04
2026-01-03 05:16:57 | DEBUG    | E5 S900/1251: loss=2.7828, lr=9.44e-04
2026-01-03 05:17:12 | DEBUG    | E5 S1000/1251: loss=2.3923, lr=9.60e-04
2026-01-03 05:17:26 | DEBUG    | E5 S1100/1251: loss=2.6587, lr=9.76e-04
2026-01-03 05:17:41 | DEBUG    | E5 S1200/1251: loss=3.0493, lr=9.92e-04
2026-01-03 05:18:50 | INFO     | E  5/90: loss=2.8706, train=38.5%, val=40.48%*, 7001 img/s
2026-01-03 05:19:06 | DEBUG    | E6 S100/1251: loss=3.0336, lr=1.00e-03
2026-01-03 05:19:21 | DEBUG    | E6 S200/1251: loss=2.4371, lr=1.00e-03
2026-01-03 05:19:37 | DEBUG    | E6 S300/1251: loss=2.8015, lr=1.00e-03
2026-01-03 05:19:51 | DEBUG    | E6 S400/1251: loss=2.6245, lr=1.00e-03
2026-01-03 05:20:06 | DEBUG    | E6 S500/1251: loss=2.6852, lr=1.00e-03
2026-01-03 05:20:20 | DEBUG    | E6 S600/1251: loss=2.3791, lr=1.00e-03
2026-01-03 05:20:36 | DEBUG    | E6 S700/1251: loss=2.4187, lr=1.00e-03
2026-01-03 05:20:51 | DEBUG    | E6 S800/1251: loss=2.6983, lr=1.00e-03
2026-01-03 05:21:06 | DEBUG    | E6 S900/1251: loss=2.5780, lr=1.00e-03
2026-01-03 05:21:20 | DEBUG    | E6 S1000/1251: loss=2.4695, lr=1.00e-03
2026-01-03 05:21:35 | DEBUG    | E6 S1100/1251: loss=2.5088, lr=1.00e-03
2026-01-03 05:21:52 | DEBUG    | E6 S1200/1251: loss=2.9409, lr=1.00e-03
2026-01-03 05:23:03 | INFO     | E  6/90: loss=2.5752, train=43.7%, val=47.97%*, 6771 img/s
2026-01-03 05:23:19 | DEBUG    | E7 S100/1251: loss=2.4024, lr=1.00e-03
2026-01-03 05:23:35 | DEBUG    | E7 S200/1251: loss=2.4162, lr=1.00e-03
2026-01-03 05:23:49 | DEBUG    | E7 S300/1251: loss=2.7813, lr=9.99e-04
2026-01-03 05:24:04 | DEBUG    | E7 S400/1251: loss=2.5040, lr=9.99e-04
2026-01-03 05:24:19 | DEBUG    | E7 S500/1251: loss=2.2261, lr=9.99e-04
2026-01-03 05:24:34 | DEBUG    | E7 S600/1251: loss=1.9181, lr=9.99e-04
2026-01-03 05:24:49 | DEBUG    | E7 S700/1251: loss=2.7016, lr=9.99e-04
2026-01-03 05:25:03 | DEBUG    | E7 S800/1251: loss=2.3671, lr=9.99e-04
2026-01-03 05:25:18 | DEBUG    | E7 S900/1251: loss=2.2351, lr=9.99e-04
2026-01-03 05:25:33 | DEBUG    | E7 S1000/1251: loss=2.2629, lr=9.99e-04
2026-01-03 05:25:49 | DEBUG    | E7 S1100/1251: loss=2.2074, lr=9.99e-04
2026-01-03 05:26:04 | DEBUG    | E7 S1200/1251: loss=2.4399, lr=9.99e-04
2026-01-03 05:27:12 | INFO     | E  7/90: loss=2.3224, train=48.5%, val=53.44%*, 6899 img/s
2026-01-03 05:27:29 | DEBUG    | E8 S100/1251: loss=2.1668, lr=9.99e-04
2026-01-03 05:27:44 | DEBUG    | E8 S200/1251: loss=2.3536, lr=9.98e-04
2026-01-03 05:28:00 | DEBUG    | E8 S300/1251: loss=2.1789, lr=9.98e-04
2026-01-03 05:28:15 | DEBUG    | E8 S400/1251: loss=2.1962, lr=9.98e-04
2026-01-03 05:28:30 | DEBUG    | E8 S500/1251: loss=2.2019, lr=9.98e-04
2026-01-03 05:28:44 | DEBUG    | E8 S600/1251: loss=2.2160, lr=9.98e-04
2026-01-03 05:28:58 | DEBUG    | E8 S700/1251: loss=2.4844, lr=9.98e-04
2026-01-03 05:29:13 | DEBUG    | E8 S800/1251: loss=1.8663, lr=9.98e-04
2026-01-03 05:29:29 | DEBUG    | E8 S900/1251: loss=2.4595, lr=9.97e-04
2026-01-03 05:29:44 | DEBUG    | E8 S1000/1251: loss=2.1213, lr=9.97e-04
2026-01-03 05:29:59 | DEBUG    | E8 S1100/1251: loss=2.1399, lr=9.97e-04
2026-01-03 05:30:13 | DEBUG    | E8 S1200/1251: loss=2.1666, lr=9.97e-04
2026-01-03 05:31:23 | INFO     | E  8/90: loss=2.1482, train=51.7%, val=55.20%*, 6906 img/s
2026-01-03 05:31:39 | DEBUG    | E9 S100/1251: loss=2.0174, lr=9.97e-04
2026-01-03 05:31:53 | DEBUG    | E9 S200/1251: loss=2.0176, lr=9.97e-04
2026-01-03 05:32:08 | DEBUG    | E9 S300/1251: loss=2.2217, lr=9.96e-04
2026-01-03 05:32:22 | DEBUG    | E9 S400/1251: loss=1.7689, lr=9.96e-04
2026-01-03 05:32:37 | DEBUG    | E9 S500/1251: loss=2.3300, lr=9.96e-04
2026-01-03 05:32:52 | DEBUG    | E9 S600/1251: loss=2.1306, lr=9.96e-04
2026-01-03 05:33:07 | DEBUG    | E9 S700/1251: loss=2.3846, lr=9.96e-04
2026-01-03 05:33:21 | DEBUG    | E9 S800/1251: loss=2.2010, lr=9.95e-04
2026-01-03 05:33:36 | DEBUG    | E9 S900/1251: loss=2.3133, lr=9.95e-04
2026-01-03 05:33:52 | DEBUG    | E9 S1000/1251: loss=2.1464, lr=9.95e-04
2026-01-03 05:34:06 | DEBUG    | E9 S1100/1251: loss=1.9176, lr=9.95e-04
2026-01-03 05:34:22 | DEBUG    | E9 S1200/1251: loss=1.9476, lr=9.95e-04
2026-01-03 05:35:30 | INFO     | E  9/90: loss=2.0324, train=54.0%, val=56.22%*, 6979 img/s
2026-01-03 05:35:47 | DEBUG    | E10 S100/1251: loss=1.9622, lr=9.94e-04
2026-01-03 05:36:03 | DEBUG    | E10 S200/1251: loss=2.3618, lr=9.94e-04
2026-01-03 05:36:18 | DEBUG    | E10 S300/1251: loss=2.0168, lr=9.94e-04
2026-01-03 05:36:32 | DEBUG    | E10 S400/1251: loss=2.2837, lr=9.94e-04
2026-01-03 05:36:47 | DEBUG    | E10 S500/1251: loss=1.9365, lr=9.93e-04
2026-01-03 05:37:02 | DEBUG    | E10 S600/1251: loss=1.6886, lr=9.93e-04
2026-01-03 05:37:17 | DEBUG    | E10 S700/1251: loss=1.9577, lr=9.93e-04
2026-01-03 05:37:32 | DEBUG    | E10 S800/1251: loss=2.0071, lr=9.93e-04
2026-01-03 05:37:47 | DEBUG    | E10 S900/1251: loss=2.4045, lr=9.92e-04
2026-01-03 05:38:01 | DEBUG    | E10 S1000/1251: loss=1.8345, lr=9.92e-04
2026-01-03 05:38:17 | DEBUG    | E10 S1100/1251: loss=1.8215, lr=9.92e-04
2026-01-03 05:38:31 | DEBUG    | E10 S1200/1251: loss=1.7954, lr=9.92e-04
2026-01-03 05:39:43 | INFO     | E 10/90: loss=1.9406, train=55.7%, val=58.24%*, 6906 img/s
2026-01-03 05:40:00 | DEBUG    | E11 S100/1251: loss=1.9130, lr=9.91e-04
2026-01-03 05:40:14 | DEBUG    | E11 S200/1251: loss=1.6417, lr=9.91e-04
2026-01-03 05:40:29 | DEBUG    | E11 S300/1251: loss=1.8985, lr=9.91e-04
2026-01-03 05:40:46 | DEBUG    | E11 S400/1251: loss=1.9417, lr=9.90e-04
2026-01-03 05:41:01 | DEBUG    | E11 S500/1251: loss=1.8844, lr=9.90e-04
2026-01-03 05:41:16 | DEBUG    | E11 S600/1251: loss=2.0158, lr=9.90e-04
2026-01-03 05:41:31 | DEBUG    | E11 S700/1251: loss=1.9465, lr=9.89e-04
2026-01-03 05:41:46 | DEBUG    | E11 S800/1251: loss=1.8102, lr=9.89e-04
2026-01-03 05:42:01 | DEBUG    | E11 S900/1251: loss=1.5949, lr=9.89e-04
2026-01-03 05:42:16 | DEBUG    | E11 S1000/1251: loss=1.9691, lr=9.89e-04
2026-01-03 05:42:31 | DEBUG    | E11 S1100/1251: loss=1.8655, lr=9.88e-04
2026-01-03 05:42:47 | DEBUG    | E11 S1200/1251: loss=1.8514, lr=9.88e-04
2026-01-03 05:43:56 | INFO     | E 11/90: loss=1.8595, train=57.4%, val=59.42%*, 6807 img/s
2026-01-03 05:44:14 | DEBUG    | E12 S100/1251: loss=1.8750, lr=9.87e-04
2026-01-03 05:44:29 | DEBUG    | E12 S200/1251: loss=1.9493, lr=9.87e-04
2026-01-03 05:44:44 | DEBUG    | E12 S300/1251: loss=1.6918, lr=9.87e-04
2026-01-03 05:44:59 | DEBUG    | E12 S400/1251: loss=1.9423, lr=9.86e-04
2026-01-03 05:45:15 | DEBUG    | E12 S500/1251: loss=1.6126, lr=9.86e-04
2026-01-03 05:45:29 | DEBUG    | E12 S600/1251: loss=1.8700, lr=9.86e-04
2026-01-03 05:45:43 | DEBUG    | E12 S700/1251: loss=1.7486, lr=9.85e-04
2026-01-03 05:45:58 | DEBUG    | E12 S800/1251: loss=2.1163, lr=9.85e-04
2026-01-03 05:46:12 | DEBUG    | E12 S900/1251: loss=2.1283, lr=9.85e-04
2026-01-03 05:46:27 | DEBUG    | E12 S1000/1251: loss=1.8850, lr=9.84e-04
2026-01-03 05:46:42 | DEBUG    | E12 S1100/1251: loss=1.4699, lr=9.84e-04
2026-01-03 05:46:57 | DEBUG    | E12 S1200/1251: loss=1.6608, lr=9.84e-04
2026-01-03 05:48:07 | INFO     | E 12/90: loss=1.7967, train=58.7%, val=61.08%*, 6835 img/s
2026-01-03 05:48:24 | DEBUG    | E13 S100/1251: loss=1.8613, lr=9.83e-04
2026-01-03 05:48:39 | DEBUG    | E13 S200/1251: loss=1.8842, lr=9.83e-04
2026-01-03 05:48:54 | DEBUG    | E13 S300/1251: loss=1.5474, lr=9.82e-04
2026-01-03 05:49:09 | DEBUG    | E13 S400/1251: loss=1.7776, lr=9.82e-04
2026-01-03 05:49:23 | DEBUG    | E13 S500/1251: loss=1.8460, lr=9.81e-04
2026-01-03 05:49:38 | DEBUG    | E13 S600/1251: loss=1.9357, lr=9.81e-04
2026-01-03 05:49:52 | DEBUG    | E13 S700/1251: loss=1.7412, lr=9.81e-04
2026-01-03 05:50:08 | DEBUG    | E13 S800/1251: loss=2.0498, lr=9.80e-04
2026-01-03 05:50:23 | DEBUG    | E13 S900/1251: loss=1.7533, lr=9.80e-04
2026-01-03 05:50:38 | DEBUG    | E13 S1000/1251: loss=1.3287, lr=9.79e-04
2026-01-03 05:50:54 | DEBUG    | E13 S1100/1251: loss=2.0019, lr=9.79e-04
2026-01-03 05:51:10 | DEBUG    | E13 S1200/1251: loss=2.0097, lr=9.79e-04
2026-01-03 05:52:20 | INFO     | E 13/90: loss=1.7488, train=59.7%, val=61.24%*, 6795 img/s
2026-01-03 05:52:37 | DEBUG    | E14 S100/1251: loss=1.9041, lr=9.78e-04
2026-01-03 05:52:52 | DEBUG    | E14 S200/1251: loss=1.8703, lr=9.77e-04
2026-01-03 05:53:07 | DEBUG    | E14 S300/1251: loss=1.7808, lr=9.77e-04
2026-01-03 05:53:21 | DEBUG    | E14 S400/1251: loss=1.7865, lr=9.77e-04
2026-01-03 05:53:36 | DEBUG    | E14 S500/1251: loss=1.8317, lr=9.76e-04
2026-01-03 05:53:50 | DEBUG    | E14 S600/1251: loss=1.8200, lr=9.76e-04
2026-01-03 05:54:05 | DEBUG    | E14 S700/1251: loss=1.4313, lr=9.75e-04
2026-01-03 05:54:19 | DEBUG    | E14 S800/1251: loss=1.3317, lr=9.75e-04
2026-01-03 05:54:34 | DEBUG    | E14 S900/1251: loss=1.5965, lr=9.74e-04
2026-01-03 05:54:50 | DEBUG    | E14 S1000/1251: loss=1.6951, lr=9.74e-04
2026-01-03 05:55:06 | DEBUG    | E14 S1100/1251: loss=1.6314, lr=9.73e-04
2026-01-03 05:55:21 | DEBUG    | E14 S1200/1251: loss=1.6778, lr=9.73e-04
2026-01-03 05:56:30 | INFO     | E 14/90: loss=1.7052, train=60.5%, val=61.47%*, 6906 img/s
2026-01-03 05:56:47 | DEBUG    | E15 S100/1251: loss=1.6398, lr=9.72e-04
2026-01-03 05:57:02 | DEBUG    | E15 S200/1251: loss=1.7975, lr=9.72e-04
2026-01-03 05:57:16 | DEBUG    | E15 S300/1251: loss=1.8739, lr=9.71e-04
2026-01-03 05:57:31 | DEBUG    | E15 S400/1251: loss=1.9939, lr=9.71e-04
2026-01-03 05:57:46 | DEBUG    | E15 S500/1251: loss=1.6748, lr=9.70e-04
2026-01-03 05:58:00 | DEBUG    | E15 S600/1251: loss=1.9844, lr=9.70e-04
2026-01-03 05:58:15 | DEBUG    | E15 S700/1251: loss=1.7307, lr=9.69e-04
2026-01-03 05:58:29 | DEBUG    | E15 S800/1251: loss=1.5873, lr=9.69e-04
2026-01-03 05:58:45 | DEBUG    | E15 S900/1251: loss=1.7120, lr=9.68e-04
2026-01-03 05:58:59 | DEBUG    | E15 S1000/1251: loss=1.6876, lr=9.68e-04
2026-01-03 05:59:15 | DEBUG    | E15 S1100/1251: loss=1.4142, lr=9.67e-04
2026-01-03 05:59:29 | DEBUG    | E15 S1200/1251: loss=1.9257, lr=9.67e-04
2026-01-03 06:00:39 | INFO     | E 15/90: loss=1.6580, train=61.2%, val=62.75%*, 6952 img/s
2026-01-03 06:00:56 | DEBUG    | E16 S100/1251: loss=1.8038, lr=9.66e-04
2026-01-03 06:01:10 | DEBUG    | E16 S200/1251: loss=1.6442, lr=9.65e-04
2026-01-03 06:01:24 | DEBUG    | E16 S300/1251: loss=1.6130, lr=9.65e-04
2026-01-03 06:01:40 | DEBUG    | E16 S400/1251: loss=1.7591, lr=9.64e-04
2026-01-03 06:01:55 | DEBUG    | E16 S500/1251: loss=1.6966, lr=9.64e-04
2026-01-03 06:02:10 | DEBUG    | E16 S600/1251: loss=1.9247, lr=9.63e-04
2026-01-03 06:02:25 | DEBUG    | E16 S700/1251: loss=1.7028, lr=9.62e-04
2026-01-03 06:02:41 | DEBUG    | E16 S800/1251: loss=1.8600, lr=9.62e-04
2026-01-03 06:02:55 | DEBUG    | E16 S900/1251: loss=1.7937, lr=9.61e-04
2026-01-03 06:03:10 | DEBUG    | E16 S1000/1251: loss=1.7505, lr=9.61e-04
2026-01-03 06:03:25 | DEBUG    | E16 S1100/1251: loss=1.6732, lr=9.60e-04
2026-01-03 06:03:40 | DEBUG    | E16 S1200/1251: loss=1.2133, lr=9.60e-04
2026-01-03 06:04:50 | INFO     | E 16/90: loss=1.6306, train=62.0%, val=63.44%*, 6887 img/s
2026-01-03 06:05:06 | DEBUG    | E17 S100/1251: loss=1.7605, lr=9.59e-04
2026-01-03 06:05:21 | DEBUG    | E17 S200/1251: loss=1.5028, lr=9.58e-04
2026-01-03 06:05:36 | DEBUG    | E17 S300/1251: loss=1.6753, lr=9.57e-04
2026-01-03 06:05:50 | DEBUG    | E17 S400/1251: loss=1.5308, lr=9.57e-04
2026-01-03 06:06:05 | DEBUG    | E17 S500/1251: loss=1.3490, lr=9.56e-04
2026-01-03 06:06:19 | DEBUG    | E17 S600/1251: loss=1.6478, lr=9.56e-04
2026-01-03 06:06:34 | DEBUG    | E17 S700/1251: loss=1.2924, lr=9.55e-04
2026-01-03 06:06:49 | DEBUG    | E17 S800/1251: loss=1.7022, lr=9.54e-04
2026-01-03 06:07:04 | DEBUG    | E17 S900/1251: loss=1.6645, lr=9.54e-04
2026-01-03 06:07:18 | DEBUG    | E17 S1000/1251: loss=1.6353, lr=9.53e-04
2026-01-03 06:07:33 | DEBUG    | E17 S1100/1251: loss=2.0915, lr=9.53e-04
2026-01-03 06:07:48 | DEBUG    | E17 S1200/1251: loss=1.7409, lr=9.52e-04
2026-01-03 06:09:01 | INFO     | E 17/90: loss=1.5998, train=62.5%, val=63.85%*, 7018 img/s
2026-01-03 06:09:18 | DEBUG    | E18 S100/1251: loss=1.5914, lr=9.51e-04
2026-01-03 06:09:32 | DEBUG    | E18 S200/1251: loss=1.3274, lr=9.50e-04
2026-01-03 06:09:48 | DEBUG    | E18 S300/1251: loss=1.7863, lr=9.50e-04
2026-01-03 06:10:03 | DEBUG    | E18 S400/1251: loss=1.3699, lr=9.49e-04
2026-01-03 06:10:18 | DEBUG    | E18 S500/1251: loss=1.7490, lr=9.48e-04
2026-01-03 06:10:34 | DEBUG    | E18 S600/1251: loss=1.7418, lr=9.48e-04
2026-01-03 06:10:49 | DEBUG    | E18 S700/1251: loss=1.4811, lr=9.47e-04
2026-01-03 06:11:04 | DEBUG    | E18 S800/1251: loss=1.4012, lr=9.46e-04
2026-01-03 06:11:20 | DEBUG    | E18 S900/1251: loss=1.4494, lr=9.46e-04
2026-01-03 06:11:35 | DEBUG    | E18 S1000/1251: loss=2.2631, lr=9.45e-04
2026-01-03 06:11:51 | DEBUG    | E18 S1100/1251: loss=1.8482, lr=9.44e-04
2026-01-03 06:12:06 | DEBUG    | E18 S1200/1251: loss=1.3736, lr=9.44e-04
2026-01-03 06:13:15 | INFO     | E 18/90: loss=1.5677, train=63.1%, val=64.44%*, 6728 img/s
2026-01-03 06:13:32 | DEBUG    | E19 S100/1251: loss=1.5355, lr=9.43e-04
2026-01-03 06:13:47 | DEBUG    | E19 S200/1251: loss=1.6877, lr=9.42e-04
2026-01-03 06:14:02 | DEBUG    | E19 S300/1251: loss=1.5302, lr=9.41e-04
2026-01-03 06:14:17 | DEBUG    | E19 S400/1251: loss=1.5909, lr=9.41e-04
2026-01-03 06:14:33 | DEBUG    | E19 S500/1251: loss=1.3909, lr=9.40e-04
2026-01-03 06:14:48 | DEBUG    | E19 S600/1251: loss=1.7344, lr=9.39e-04
2026-01-03 06:15:03 | DEBUG    | E19 S700/1251: loss=1.2984, lr=9.39e-04
2026-01-03 06:15:18 | DEBUG    | E19 S800/1251: loss=1.6013, lr=9.38e-04
2026-01-03 06:15:33 | DEBUG    | E19 S900/1251: loss=1.6017, lr=9.37e-04
2026-01-03 06:15:48 | DEBUG    | E19 S1000/1251: loss=1.5304, lr=9.36e-04
2026-01-03 06:16:03 | DEBUG    | E19 S1100/1251: loss=1.4678, lr=9.36e-04
2026-01-03 06:16:18 | DEBUG    | E19 S1200/1251: loss=1.7111, lr=9.35e-04
2026-01-03 06:17:27 | INFO     | E 19/90: loss=1.5577, train=63.4%, val=64.38%, 6816 img/s
2026-01-03 06:17:44 | DEBUG    | E20 S100/1251: loss=1.6113, lr=9.34e-04
2026-01-03 06:17:59 | DEBUG    | E20 S200/1251: loss=1.6968, lr=9.33e-04
2026-01-03 06:18:15 | DEBUG    | E20 S300/1251: loss=1.4550, lr=9.32e-04
2026-01-03 06:18:30 | DEBUG    | E20 S400/1251: loss=1.6347, lr=9.32e-04
2026-01-03 06:18:46 | DEBUG    | E20 S500/1251: loss=1.4252, lr=9.31e-04
2026-01-03 06:19:01 | DEBUG    | E20 S600/1251: loss=1.4928, lr=9.30e-04
2026-01-03 06:19:15 | DEBUG    | E20 S700/1251: loss=1.6479, lr=9.29e-04
2026-01-03 06:19:30 | DEBUG    | E20 S800/1251: loss=1.1577, lr=9.29e-04
2026-01-03 06:19:46 | DEBUG    | E20 S900/1251: loss=1.9479, lr=9.28e-04
2026-01-03 06:20:01 | DEBUG    | E20 S1000/1251: loss=1.8254, lr=9.27e-04
2026-01-03 06:20:17 | DEBUG    | E20 S1100/1251: loss=1.8471, lr=9.26e-04
2026-01-03 06:20:33 | DEBUG    | E20 S1200/1251: loss=1.5086, lr=9.26e-04
2026-01-03 06:21:43 | INFO     | E 20/90: loss=1.5245, train=64.0%, val=63.64%, 6679 img/s
2026-01-03 06:22:00 | DEBUG    | E21 S100/1251: loss=1.4703, lr=9.24e-04
2026-01-03 06:22:14 | DEBUG    | E21 S200/1251: loss=1.0527, lr=9.24e-04
2026-01-03 06:22:30 | DEBUG    | E21 S300/1251: loss=1.4874, lr=9.23e-04
2026-01-03 06:22:44 | DEBUG    | E21 S400/1251: loss=1.5099, lr=9.22e-04
2026-01-03 06:23:00 | DEBUG    | E21 S500/1251: loss=1.4433, lr=9.21e-04
2026-01-03 06:23:14 | DEBUG    | E21 S600/1251: loss=1.5066, lr=9.20e-04
2026-01-03 06:23:29 | DEBUG    | E21 S700/1251: loss=1.5534, lr=9.20e-04
2026-01-03 06:23:44 | DEBUG    | E21 S800/1251: loss=1.6155, lr=9.19e-04
2026-01-03 06:23:59 | DEBUG    | E21 S900/1251: loss=1.4338, lr=9.18e-04
2026-01-03 06:24:14 | DEBUG    | E21 S1000/1251: loss=1.6681, lr=9.17e-04
2026-01-03 06:24:30 | DEBUG    | E21 S1100/1251: loss=1.5954, lr=9.16e-04
2026-01-03 06:24:44 | DEBUG    | E21 S1200/1251: loss=1.4437, lr=9.16e-04
2026-01-03 06:25:53 | INFO     | E 21/90: loss=1.5063, train=64.5%, val=62.88%, 6855 img/s
2026-01-03 06:26:10 | DEBUG    | E22 S100/1251: loss=1.4895, lr=9.14e-04
2026-01-03 06:26:25 | DEBUG    | E22 S200/1251: loss=1.5997, lr=9.13e-04
2026-01-03 06:26:40 | DEBUG    | E22 S300/1251: loss=1.4484, lr=9.13e-04
2026-01-03 06:26:55 | DEBUG    | E22 S400/1251: loss=1.4345, lr=9.12e-04
2026-01-03 06:27:11 | DEBUG    | E22 S500/1251: loss=1.5246, lr=9.11e-04
2026-01-03 06:27:26 | DEBUG    | E22 S600/1251: loss=1.5739, lr=9.10e-04
2026-01-03 06:27:41 | DEBUG    | E22 S700/1251: loss=1.7408, lr=9.09e-04
2026-01-03 06:27:55 | DEBUG    | E22 S800/1251: loss=1.4812, lr=9.08e-04
2026-01-03 06:28:10 | DEBUG    | E22 S900/1251: loss=1.7153, lr=9.08e-04
2026-01-03 06:28:25 | DEBUG    | E22 S1000/1251: loss=1.3268, lr=9.07e-04
2026-01-03 06:28:39 | DEBUG    | E22 S1100/1251: loss=1.6322, lr=9.06e-04
2026-01-03 06:28:54 | DEBUG    | E22 S1200/1251: loss=1.6895, lr=9.05e-04
2026-01-03 06:30:03 | INFO     | E 22/90: loss=1.4873, train=64.9%, val=64.98%*, 6874 img/s
2026-01-03 06:30:21 | DEBUG    | E23 S100/1251: loss=1.3477, lr=9.04e-04
2026-01-03 06:30:36 | DEBUG    | E23 S200/1251: loss=1.4369, lr=9.03e-04
2026-01-03 06:30:50 | DEBUG    | E23 S300/1251: loss=1.5098, lr=9.02e-04
2026-01-03 06:31:04 | DEBUG    | E23 S400/1251: loss=1.3649, lr=9.01e-04
2026-01-03 06:31:20 | DEBUG    | E23 S500/1251: loss=1.4370, lr=9.00e-04
2026-01-03 06:31:35 | DEBUG    | E23 S600/1251: loss=1.4470, lr=8.99e-04
2026-01-03 06:31:50 | DEBUG    | E23 S700/1251: loss=1.9682, lr=8.98e-04
2026-01-03 06:32:05 | DEBUG    | E23 S800/1251: loss=1.3398, lr=8.97e-04
2026-01-03 06:32:20 | DEBUG    | E23 S900/1251: loss=1.4587, lr=8.97e-04
2026-01-03 06:32:35 | DEBUG    | E23 S1000/1251: loss=1.1680, lr=8.96e-04
2026-01-03 06:32:50 | DEBUG    | E23 S1100/1251: loss=1.3392, lr=8.95e-04
2026-01-03 06:33:04 | DEBUG    | E23 S1200/1251: loss=1.2738, lr=8.94e-04
2026-01-03 06:34:13 | INFO     | E 23/90: loss=1.4634, train=65.2%, val=64.88%, 6905 img/s
2026-01-03 06:34:30 | DEBUG    | E24 S100/1251: loss=1.5351, lr=8.92e-04
2026-01-03 06:34:46 | DEBUG    | E24 S200/1251: loss=1.3318, lr=8.92e-04
2026-01-03 06:35:00 | DEBUG    | E24 S300/1251: loss=1.4466, lr=8.91e-04
2026-01-03 06:35:14 | DEBUG    | E24 S400/1251: loss=1.5361, lr=8.90e-04
2026-01-03 06:35:29 | DEBUG    | E24 S500/1251: loss=1.4735, lr=8.89e-04
2026-01-03 06:35:44 | DEBUG    | E24 S600/1251: loss=1.5695, lr=8.88e-04
2026-01-03 06:35:58 | DEBUG    | E24 S700/1251: loss=1.6122, lr=8.87e-04
2026-01-03 06:36:13 | DEBUG    | E24 S800/1251: loss=1.1762, lr=8.86e-04
2026-01-03 06:36:28 | DEBUG    | E24 S900/1251: loss=1.4764, lr=8.85e-04
2026-01-03 06:36:44 | DEBUG    | E24 S1000/1251: loss=1.6369, lr=8.84e-04
2026-01-03 06:36:59 | DEBUG    | E24 S1100/1251: loss=1.5309, lr=8.83e-04
2026-01-03 06:37:13 | DEBUG    | E24 S1200/1251: loss=1.4392, lr=8.82e-04
2026-01-03 06:38:22 | INFO     | E 24/90: loss=1.4478, train=65.5%, val=66.28%*, 6902 img/s
2026-01-03 06:38:39 | DEBUG    | E25 S100/1251: loss=1.8027, lr=8.81e-04
2026-01-03 06:38:54 | DEBUG    | E25 S200/1251: loss=1.6615, lr=8.80e-04
2026-01-03 06:39:09 | DEBUG    | E25 S300/1251: loss=1.6351, lr=8.79e-04
2026-01-03 06:39:24 | DEBUG    | E25 S400/1251: loss=1.6584, lr=8.78e-04
2026-01-03 06:39:39 | DEBUG    | E25 S500/1251: loss=1.3162, lr=8.77e-04
2026-01-03 06:39:57 | DEBUG    | E25 S600/1251: loss=1.2736, lr=8.76e-04
2026-01-03 06:40:12 | DEBUG    | E25 S700/1251: loss=1.1285, lr=8.75e-04
2026-01-03 06:40:27 | DEBUG    | E25 S800/1251: loss=1.7455, lr=8.74e-04
2026-01-03 06:40:42 | DEBUG    | E25 S900/1251: loss=1.2879, lr=8.73e-04
2026-01-03 06:40:58 | DEBUG    | E25 S1000/1251: loss=1.4940, lr=8.72e-04
2026-01-03 06:41:13 | DEBUG    | E25 S1100/1251: loss=1.5314, lr=8.71e-04
2026-01-03 06:41:28 | DEBUG    | E25 S1200/1251: loss=1.8304, lr=8.70e-04
2026-01-03 06:42:38 | INFO     | E 25/90: loss=1.4279, train=65.9%, val=66.51%*, 6700 img/s
2026-01-03 06:42:54 | DEBUG    | E26 S100/1251: loss=1.5396, lr=8.69e-04
2026-01-03 06:43:10 | DEBUG    | E26 S200/1251: loss=1.2757, lr=8.68e-04
2026-01-03 06:43:24 | DEBUG    | E26 S300/1251: loss=1.3257, lr=8.67e-04
2026-01-03 06:43:39 | DEBUG    | E26 S400/1251: loss=1.1959, lr=8.66e-04
2026-01-03 06:43:53 | DEBUG    | E26 S500/1251: loss=1.3595, lr=8.64e-04
2026-01-03 06:44:09 | DEBUG    | E26 S600/1251: loss=1.4125, lr=8.63e-04
2026-01-03 06:44:23 | DEBUG    | E26 S700/1251: loss=1.4673, lr=8.62e-04
2026-01-03 06:44:38 | DEBUG    | E26 S800/1251: loss=1.3565, lr=8.61e-04
2026-01-03 06:44:54 | DEBUG    | E26 S900/1251: loss=1.2573, lr=8.60e-04
2026-01-03 06:45:08 | DEBUG    | E26 S1000/1251: loss=1.2544, lr=8.59e-04
2026-01-03 06:45:23 | DEBUG    | E26 S1100/1251: loss=1.5358, lr=8.58e-04
2026-01-03 06:45:38 | DEBUG    | E26 S1200/1251: loss=1.3556, lr=8.57e-04
2026-01-03 06:46:47 | INFO     | E 26/90: loss=1.4100, train=66.4%, val=66.54%*, 6933 img/s
2026-01-03 06:47:04 | DEBUG    | E27 S100/1251: loss=0.8916, lr=8.56e-04
2026-01-03 06:47:19 | DEBUG    | E27 S200/1251: loss=1.4425, lr=8.55e-04
2026-01-03 06:47:33 | DEBUG    | E27 S300/1251: loss=1.2686, lr=8.54e-04
2026-01-03 06:47:49 | DEBUG    | E27 S400/1251: loss=1.1536, lr=8.53e-04
2026-01-03 06:48:03 | DEBUG    | E27 S500/1251: loss=1.2843, lr=8.52e-04
2026-01-03 06:48:18 | DEBUG    | E27 S600/1251: loss=1.4806, lr=8.51e-04
2026-01-03 06:48:32 | DEBUG    | E27 S700/1251: loss=1.4300, lr=8.49e-04
2026-01-03 06:48:48 | DEBUG    | E27 S800/1251: loss=1.2084, lr=8.48e-04
2026-01-03 06:49:03 | DEBUG    | E27 S900/1251: loss=1.3523, lr=8.47e-04
2026-01-03 06:49:18 | DEBUG    | E27 S1000/1251: loss=1.3121, lr=8.46e-04
2026-01-03 06:49:33 | DEBUG    | E27 S1100/1251: loss=1.8825, lr=8.45e-04
2026-01-03 06:49:49 | DEBUG    | E27 S1200/1251: loss=1.3133, lr=8.44e-04
2026-01-03 06:50:59 | INFO     | E 27/90: loss=1.3833, train=66.8%, val=66.13%, 6857 img/s
2026-01-03 06:51:15 | DEBUG    | E28 S100/1251: loss=1.2091, lr=8.43e-04
2026-01-03 06:51:31 | DEBUG    | E28 S200/1251: loss=1.3837, lr=8.41e-04
2026-01-03 06:51:46 | DEBUG    | E28 S300/1251: loss=1.4455, lr=8.40e-04
2026-01-03 06:52:00 | DEBUG    | E28 S400/1251: loss=1.2763, lr=8.39e-04
2026-01-03 06:52:15 | DEBUG    | E28 S500/1251: loss=1.2755, lr=8.38e-04
2026-01-03 06:52:31 | DEBUG    | E28 S600/1251: loss=1.4632, lr=8.37e-04
2026-01-03 06:52:46 | DEBUG    | E28 S700/1251: loss=1.0440, lr=8.36e-04
2026-01-03 06:53:00 | DEBUG    | E28 S800/1251: loss=1.3184, lr=8.35e-04
2026-01-03 06:53:15 | DEBUG    | E28 S900/1251: loss=1.5663, lr=8.34e-04
2026-01-03 06:53:30 | DEBUG    | E28 S1000/1251: loss=1.5358, lr=8.33e-04
2026-01-03 06:53:45 | DEBUG    | E28 S1100/1251: loss=1.2859, lr=8.32e-04
2026-01-03 06:54:01 | DEBUG    | E28 S1200/1251: loss=1.4697, lr=8.31e-04
2026-01-03 06:55:10 | INFO     | E 28/90: loss=1.3764, train=67.1%, val=66.26%, 6834 img/s
2026-01-03 06:55:27 | DEBUG    | E29 S100/1251: loss=1.1661, lr=8.29e-04
2026-01-03 06:55:41 | DEBUG    | E29 S200/1251: loss=1.4052, lr=8.28e-04
2026-01-03 06:55:56 | DEBUG    | E29 S300/1251: loss=1.2207, lr=8.27e-04
2026-01-03 06:56:12 | DEBUG    | E29 S400/1251: loss=1.2399, lr=8.26e-04
2026-01-03 06:56:27 | DEBUG    | E29 S500/1251: loss=1.3251, lr=8.24e-04
2026-01-03 06:56:42 | DEBUG    | E29 S600/1251: loss=1.4187, lr=8.23e-04
2026-01-03 06:56:56 | DEBUG    | E29 S700/1251: loss=1.2697, lr=8.22e-04
2026-01-03 06:57:11 | DEBUG    | E29 S800/1251: loss=1.2797, lr=8.21e-04
2026-01-03 06:57:27 | DEBUG    | E29 S900/1251: loss=1.3798, lr=8.20e-04
2026-01-03 06:57:42 | DEBUG    | E29 S1000/1251: loss=1.1343, lr=8.19e-04
2026-01-03 06:57:56 | DEBUG    | E29 S1100/1251: loss=1.4164, lr=8.18e-04
2026-01-03 06:58:11 | DEBUG    | E29 S1200/1251: loss=1.4351, lr=8.16e-04
2026-01-03 06:59:21 | INFO     | E 29/90: loss=1.3793, train=67.0%, val=65.00%, 6877 img/s
2026-01-03 06:59:37 | DEBUG    | E30 S100/1251: loss=1.1574, lr=8.15e-04
2026-01-03 06:59:52 | DEBUG    | E30 S200/1251: loss=1.4438, lr=8.14e-04
2026-01-03 07:00:07 | DEBUG    | E30 S300/1251: loss=1.4514, lr=8.12e-04
2026-01-03 07:00:22 | DEBUG    | E30 S400/1251: loss=1.1100, lr=8.11e-04
2026-01-03 07:00:37 | DEBUG    | E30 S500/1251: loss=1.1022, lr=8.10e-04
2026-01-03 07:00:51 | DEBUG    | E30 S600/1251: loss=1.2489, lr=8.09e-04
2026-01-03 07:01:06 | DEBUG    | E30 S700/1251: loss=1.3491, lr=8.08e-04
2026-01-03 07:01:21 | DEBUG    | E30 S800/1251: loss=1.3422, lr=8.07e-04
2026-01-03 07:01:36 | DEBUG    | E30 S900/1251: loss=1.4662, lr=8.05e-04
2026-01-03 07:01:51 | DEBUG    | E30 S1000/1251: loss=1.3034, lr=8.04e-04
2026-01-03 07:02:06 | DEBUG    | E30 S1100/1251: loss=1.5982, lr=8.03e-04
2026-01-03 07:02:21 | DEBUG    | E30 S1200/1251: loss=1.2885, lr=8.02e-04
2026-01-03 07:03:30 | INFO     | E 30/90: loss=1.3572, train=67.4%, val=66.36%, 6905 img/s
2026-01-03 07:03:46 | DEBUG    | E31 S100/1251: loss=1.1396, lr=8.00e-04
2026-01-03 07:04:02 | DEBUG    | E31 S200/1251: loss=1.4219, lr=7.99e-04
2026-01-03 07:04:17 | DEBUG    | E31 S300/1251: loss=0.9567, lr=7.98e-04
2026-01-03 07:04:32 | DEBUG    | E31 S400/1251: loss=1.2444, lr=7.97e-04
2026-01-03 07:04:47 | DEBUG    | E31 S500/1251: loss=1.6706, lr=7.95e-04
2026-01-03 07:05:02 | DEBUG    | E31 S600/1251: loss=1.3113, lr=7.94e-04
2026-01-03 07:05:16 | DEBUG    | E31 S700/1251: loss=1.3007, lr=7.93e-04
2026-01-03 07:05:31 | DEBUG    | E31 S800/1251: loss=1.6800, lr=7.92e-04
2026-01-03 07:05:46 | DEBUG    | E31 S900/1251: loss=1.3695, lr=7.91e-04
2026-01-03 07:06:00 | DEBUG    | E31 S1000/1251: loss=1.2156, lr=7.89e-04
2026-01-03 07:06:15 | DEBUG    | E31 S1100/1251: loss=1.3883, lr=7.88e-04
2026-01-03 07:06:31 | DEBUG    | E31 S1200/1251: loss=1.4229, lr=7.87e-04
2026-01-03 07:07:40 | INFO     | E 31/90: loss=1.3400, train=67.9%, val=67.67%*, 6878 img/s
2026-01-03 07:07:56 | DEBUG    | E32 S100/1251: loss=1.0070, lr=7.85e-04
2026-01-03 07:08:12 | DEBUG    | E32 S200/1251: loss=1.0438, lr=7.84e-04
2026-01-03 07:08:27 | DEBUG    | E32 S300/1251: loss=1.1372, lr=7.83e-04
2026-01-03 07:08:42 | DEBUG    | E32 S400/1251: loss=1.3285, lr=7.82e-04
2026-01-03 07:08:56 | DEBUG    | E32 S500/1251: loss=1.1400, lr=7.80e-04
2026-01-03 07:09:11 | DEBUG    | E32 S600/1251: loss=1.2290, lr=7.79e-04
2026-01-03 07:09:30 | DEBUG    | E32 S700/1251: loss=1.2959, lr=7.78e-04
2026-01-03 07:09:45 | DEBUG    | E32 S800/1251: loss=1.3111, lr=7.77e-04
2026-01-03 07:10:01 | DEBUG    | E32 S900/1251: loss=1.2530, lr=7.75e-04
2026-01-03 07:10:16 | DEBUG    | E32 S1000/1251: loss=1.3248, lr=7.74e-04
2026-01-03 07:10:31 | DEBUG    | E32 S1100/1251: loss=1.4937, lr=7.73e-04
2026-01-03 07:10:46 | DEBUG    | E32 S1200/1251: loss=1.5867, lr=7.72e-04
2026-01-03 07:11:56 | INFO     | E 32/90: loss=1.3252, train=68.2%, val=67.68%*, 6685 img/s
2026-01-03 07:12:13 | DEBUG    | E33 S100/1251: loss=1.1055, lr=7.70e-04
2026-01-03 07:12:27 | DEBUG    | E33 S200/1251: loss=1.3617, lr=7.69e-04
2026-01-03 07:12:42 | DEBUG    | E33 S300/1251: loss=1.1895, lr=7.67e-04
2026-01-03 07:12:56 | DEBUG    | E33 S400/1251: loss=1.5020, lr=7.66e-04
2026-01-03 07:13:11 | DEBUG    | E33 S500/1251: loss=1.2713, lr=7.65e-04
2026-01-03 07:13:25 | DEBUG    | E33 S600/1251: loss=1.2740, lr=7.64e-04
2026-01-03 07:13:40 | DEBUG    | E33 S700/1251: loss=1.3801, lr=7.62e-04
2026-01-03 07:13:55 | DEBUG    | E33 S800/1251: loss=1.4556, lr=7.61e-04
2026-01-03 07:14:10 | DEBUG    | E33 S900/1251: loss=1.4290, lr=7.60e-04
2026-01-03 07:14:25 | DEBUG    | E33 S1000/1251: loss=1.4071, lr=7.59e-04
2026-01-03 07:14:41 | DEBUG    | E33 S1100/1251: loss=1.3194, lr=7.57e-04
2026-01-03 07:14:56 | DEBUG    | E33 S1200/1251: loss=1.5648, lr=7.56e-04
2026-01-03 07:16:05 | INFO     | E 33/90: loss=1.3129, train=68.4%, val=66.85%, 6938 img/s
2026-01-03 07:16:21 | DEBUG    | E34 S100/1251: loss=1.1320, lr=7.54e-04
2026-01-03 07:16:36 | DEBUG    | E34 S200/1251: loss=1.1609, lr=7.53e-04
2026-01-03 07:16:50 | DEBUG    | E34 S300/1251: loss=1.2850, lr=7.52e-04
2026-01-03 07:17:07 | DEBUG    | E34 S400/1251: loss=1.6296, lr=7.50e-04
2026-01-03 07:17:21 | DEBUG    | E34 S500/1251: loss=1.5394, lr=7.49e-04
2026-01-03 07:17:37 | DEBUG    | E34 S600/1251: loss=1.3259, lr=7.48e-04
2026-01-03 07:17:52 | DEBUG    | E34 S700/1251: loss=1.5769, lr=7.46e-04
2026-01-03 07:18:07 | DEBUG    | E34 S800/1251: loss=1.3518, lr=7.45e-04
2026-01-03 07:18:21 | DEBUG    | E34 S900/1251: loss=1.4469, lr=7.44e-04
2026-01-03 07:18:37 | DEBUG    | E34 S1000/1251: loss=1.3395, lr=7.43e-04
2026-01-03 07:18:52 | DEBUG    | E34 S1100/1251: loss=0.9353, lr=7.41e-04
2026-01-03 07:19:07 | DEBUG    | E34 S1200/1251: loss=1.2202, lr=7.40e-04
2026-01-03 07:20:16 | INFO     | E 34/90: loss=1.2999, train=68.8%, val=66.51%, 6808 img/s
2026-01-03 07:20:33 | DEBUG    | E35 S100/1251: loss=0.8882, lr=7.38e-04
2026-01-03 07:20:48 | DEBUG    | E35 S200/1251: loss=1.3738, lr=7.37e-04
2026-01-03 07:21:02 | DEBUG    | E35 S300/1251: loss=1.4713, lr=7.35e-04
2026-01-03 07:21:18 | DEBUG    | E35 S400/1251: loss=1.1440, lr=7.34e-04
2026-01-03 07:21:33 | DEBUG    | E35 S500/1251: loss=1.0588, lr=7.33e-04
2026-01-03 07:21:48 | DEBUG    | E35 S600/1251: loss=1.5919, lr=7.31e-04
2026-01-03 07:22:02 | DEBUG    | E35 S700/1251: loss=1.3350, lr=7.30e-04
2026-01-03 07:22:18 | DEBUG    | E35 S800/1251: loss=1.2627, lr=7.29e-04
2026-01-03 07:22:33 | DEBUG    | E35 S900/1251: loss=1.3703, lr=7.28e-04
2026-01-03 07:22:49 | DEBUG    | E35 S1000/1251: loss=1.5604, lr=7.26e-04
2026-01-03 07:23:04 | DEBUG    | E35 S1100/1251: loss=1.4732, lr=7.25e-04
2026-01-03 07:23:19 | DEBUG    | E35 S1200/1251: loss=1.2934, lr=7.24e-04
2026-01-03 07:24:29 | INFO     | E 35/90: loss=1.2913, train=68.9%, val=68.43%*, 6773 img/s
2026-01-03 07:24:46 | DEBUG    | E36 S100/1251: loss=1.0723, lr=7.22e-04
2026-01-03 07:25:01 | DEBUG    | E36 S200/1251: loss=1.5242, lr=7.20e-04
2026-01-03 07:25:15 | DEBUG    | E36 S300/1251: loss=1.1036, lr=7.19e-04
2026-01-03 07:25:31 | DEBUG    | E36 S400/1251: loss=1.1513, lr=7.18e-04
2026-01-03 07:25:47 | DEBUG    | E36 S500/1251: loss=0.8891, lr=7.16e-04
2026-01-03 07:26:02 | DEBUG    | E36 S600/1251: loss=1.3741, lr=7.15e-04
2026-01-03 07:26:17 | DEBUG    | E36 S700/1251: loss=1.3368, lr=7.14e-04
2026-01-03 07:26:32 | DEBUG    | E36 S800/1251: loss=1.4523, lr=7.12e-04
2026-01-03 07:26:47 | DEBUG    | E36 S900/1251: loss=1.5156, lr=7.11e-04
2026-01-03 07:27:02 | DEBUG    | E36 S1000/1251: loss=1.1932, lr=7.10e-04
2026-01-03 07:27:17 | DEBUG    | E36 S1100/1251: loss=1.0532, lr=7.08e-04
2026-01-03 07:27:32 | DEBUG    | E36 S1200/1251: loss=1.4543, lr=7.07e-04
2026-01-03 07:28:41 | INFO     | E 36/90: loss=1.2747, train=69.1%, val=67.46%, 6797 img/s
2026-01-03 07:28:58 | DEBUG    | E37 S100/1251: loss=1.1195, lr=7.05e-04
2026-01-03 07:29:13 | DEBUG    | E37 S200/1251: loss=1.4278, lr=7.03e-04
2026-01-03 07:29:28 | DEBUG    | E37 S300/1251: loss=1.2249, lr=7.02e-04
2026-01-03 07:29:44 | DEBUG    | E37 S400/1251: loss=1.2217, lr=7.01e-04
2026-01-03 07:29:59 | DEBUG    | E37 S500/1251: loss=1.4124, lr=6.99e-04
2026-01-03 07:30:14 | DEBUG    | E37 S600/1251: loss=0.9758, lr=6.98e-04
2026-01-03 07:30:29 | DEBUG    | E37 S700/1251: loss=1.5311, lr=6.97e-04
2026-01-03 07:30:44 | DEBUG    | E37 S800/1251: loss=1.2376, lr=6.95e-04
2026-01-03 07:30:58 | DEBUG    | E37 S900/1251: loss=1.2263, lr=6.94e-04
2026-01-03 07:31:14 | DEBUG    | E37 S1000/1251: loss=1.0350, lr=6.93e-04
2026-01-03 07:31:28 | DEBUG    | E37 S1100/1251: loss=1.8597, lr=6.91e-04
2026-01-03 07:31:44 | DEBUG    | E37 S1200/1251: loss=1.5490, lr=6.90e-04
2026-01-03 07:32:53 | INFO     | E 37/90: loss=1.2575, train=69.5%, val=66.86%, 6827 img/s
2026-01-03 07:33:09 | DEBUG    | E38 S100/1251: loss=1.2046, lr=6.88e-04
2026-01-03 07:33:24 | DEBUG    | E38 S200/1251: loss=1.1455, lr=6.86e-04
2026-01-03 07:33:39 | DEBUG    | E38 S300/1251: loss=1.2892, lr=6.85e-04
2026-01-03 07:33:54 | DEBUG    | E38 S400/1251: loss=1.0607, lr=6.84e-04
2026-01-03 07:34:08 | DEBUG    | E38 S500/1251: loss=1.0987, lr=6.82e-04
2026-01-03 07:34:23 | DEBUG    | E38 S600/1251: loss=1.3030, lr=6.81e-04
2026-01-03 07:34:38 | DEBUG    | E38 S700/1251: loss=1.2101, lr=6.80e-04
2026-01-03 07:34:52 | DEBUG    | E38 S800/1251: loss=1.1218, lr=6.78e-04
2026-01-03 07:35:07 | DEBUG    | E38 S900/1251: loss=1.0750, lr=6.77e-04
2026-01-03 07:35:22 | DEBUG    | E38 S1000/1251: loss=1.2843, lr=6.75e-04
2026-01-03 07:35:37 | DEBUG    | E38 S1100/1251: loss=1.1869, lr=6.74e-04
2026-01-03 07:35:52 | DEBUG    | E38 S1200/1251: loss=1.3308, lr=6.73e-04
2026-01-03 07:37:01 | INFO     | E 38/90: loss=1.2438, train=69.8%, val=68.67%*, 6949 img/s
2026-01-03 07:37:17 | DEBUG    | E39 S100/1251: loss=1.2651, lr=6.71e-04
2026-01-03 07:37:31 | DEBUG    | E39 S200/1251: loss=1.0538, lr=6.69e-04
2026-01-03 07:37:48 | DEBUG    | E39 S300/1251: loss=1.0702, lr=6.68e-04
2026-01-03 07:38:03 | DEBUG    | E39 S400/1251: loss=0.9471, lr=6.66e-04
2026-01-03 07:38:17 | DEBUG    | E39 S500/1251: loss=1.3048, lr=6.65e-04
2026-01-03 07:38:32 | DEBUG    | E39 S600/1251: loss=1.3841, lr=6.64e-04
2026-01-03 07:38:47 | DEBUG    | E39 S700/1251: loss=0.9788, lr=6.62e-04
2026-01-03 07:39:01 | DEBUG    | E39 S800/1251: loss=1.3856, lr=6.61e-04
2026-01-03 07:39:19 | DEBUG    | E39 S900/1251: loss=1.3252, lr=6.59e-04
2026-01-03 07:39:35 | DEBUG    | E39 S1000/1251: loss=1.5030, lr=6.58e-04
2026-01-03 07:39:50 | DEBUG    | E39 S1100/1251: loss=1.3291, lr=6.57e-04
2026-01-03 07:40:05 | DEBUG    | E39 S1200/1251: loss=1.1702, lr=6.55e-04
2026-01-03 07:41:14 | INFO     | E 39/90: loss=1.2327, train=70.2%, val=68.69%*, 6757 img/s
2026-01-03 07:41:31 | DEBUG    | E40 S100/1251: loss=0.9962, lr=6.53e-04
2026-01-03 07:41:46 | DEBUG    | E40 S200/1251: loss=1.0368, lr=6.52e-04
2026-01-03 07:42:01 | DEBUG    | E40 S300/1251: loss=1.3013, lr=6.50e-04
2026-01-03 07:42:16 | DEBUG    | E40 S400/1251: loss=1.4139, lr=6.49e-04
2026-01-03 07:42:30 | DEBUG    | E40 S500/1251: loss=1.1611, lr=6.47e-04
2026-01-03 07:42:45 | DEBUG    | E40 S600/1251: loss=1.1420, lr=6.46e-04
2026-01-03 07:43:01 | DEBUG    | E40 S700/1251: loss=1.4097, lr=6.45e-04
2026-01-03 07:43:15 | DEBUG    | E40 S800/1251: loss=1.2410, lr=6.43e-04
2026-01-03 07:43:30 | DEBUG    | E40 S900/1251: loss=1.1156, lr=6.42e-04
2026-01-03 07:43:45 | DEBUG    | E40 S1000/1251: loss=1.2024, lr=6.40e-04
2026-01-03 07:44:00 | DEBUG    | E40 S1100/1251: loss=1.4032, lr=6.39e-04
2026-01-03 07:44:16 | DEBUG    | E40 S1200/1251: loss=1.1398, lr=6.38e-04
2026-01-03 07:45:25 | INFO     | E 40/90: loss=1.2092, train=70.6%, val=68.69%, 6880 img/s
2026-01-03 07:45:41 | DEBUG    | E41 S100/1251: loss=1.3016, lr=6.35e-04
2026-01-03 07:45:57 | DEBUG    | E41 S200/1251: loss=1.1749, lr=6.34e-04
2026-01-03 07:46:12 | DEBUG    | E41 S300/1251: loss=0.9460, lr=6.33e-04
2026-01-03 07:46:26 | DEBUG    | E41 S400/1251: loss=1.1012, lr=6.31e-04
2026-01-03 07:46:41 | DEBUG    | E41 S500/1251: loss=1.2475, lr=6.30e-04
2026-01-03 07:46:56 | DEBUG    | E41 S600/1251: loss=0.9194, lr=6.28e-04
2026-01-03 07:47:10 | DEBUG    | E41 S700/1251: loss=1.2242, lr=6.27e-04
2026-01-03 07:47:26 | DEBUG    | E41 S800/1251: loss=1.0729, lr=6.25e-04
2026-01-03 07:47:41 | DEBUG    | E41 S900/1251: loss=1.0481, lr=6.24e-04
2026-01-03 07:47:57 | DEBUG    | E41 S1000/1251: loss=0.9470, lr=6.23e-04
2026-01-03 07:48:12 | DEBUG    | E41 S1100/1251: loss=1.0510, lr=6.21e-04
2026-01-03 07:48:28 | DEBUG    | E41 S1200/1251: loss=0.9513, lr=6.20e-04
2026-01-03 07:49:36 | INFO     | E 41/90: loss=1.2066, train=70.7%, val=68.72%*, 6785 img/s
2026-01-03 07:49:54 | DEBUG    | E42 S100/1251: loss=1.2475, lr=6.18e-04
2026-01-03 07:50:09 | DEBUG    | E42 S200/1251: loss=1.2259, lr=6.16e-04
2026-01-03 07:50:25 | DEBUG    | E42 S300/1251: loss=1.0937, lr=6.15e-04
2026-01-03 07:50:39 | DEBUG    | E42 S400/1251: loss=1.3892, lr=6.13e-04
2026-01-03 07:50:54 | DEBUG    | E42 S500/1251: loss=1.2793, lr=6.12e-04
2026-01-03 07:51:09 | DEBUG    | E42 S600/1251: loss=1.3157, lr=6.10e-04
2026-01-03 07:51:24 | DEBUG    | E42 S700/1251: loss=1.2327, lr=6.09e-04
2026-01-03 07:51:40 | DEBUG    | E42 S800/1251: loss=1.2353, lr=6.07e-04
2026-01-03 07:51:54 | DEBUG    | E42 S900/1251: loss=1.3080, lr=6.06e-04
2026-01-03 07:52:09 | DEBUG    | E42 S1000/1251: loss=1.6682, lr=6.05e-04
2026-01-03 07:52:25 | DEBUG    | E42 S1100/1251: loss=1.2702, lr=6.03e-04
2026-01-03 07:52:40 | DEBUG    | E42 S1200/1251: loss=1.2958, lr=6.02e-04
2026-01-03 07:53:50 | INFO     | E 42/90: loss=1.1965, train=70.9%, val=69.00%*, 6748 img/s
2026-01-03 07:54:08 | DEBUG    | E43 S100/1251: loss=1.0347, lr=6.00e-04
2026-01-03 07:54:23 | DEBUG    | E43 S200/1251: loss=1.2481, lr=5.98e-04
2026-01-03 07:54:39 | DEBUG    | E43 S300/1251: loss=1.1697, lr=5.97e-04
2026-01-03 07:54:54 | DEBUG    | E43 S400/1251: loss=1.0440, lr=5.95e-04
2026-01-03 07:55:08 | DEBUG    | E43 S500/1251: loss=1.2076, lr=5.94e-04
2026-01-03 07:55:24 | DEBUG    | E43 S600/1251: loss=1.2409, lr=5.92e-04
2026-01-03 07:55:40 | DEBUG    | E43 S700/1251: loss=1.3504, lr=5.91e-04
2026-01-03 07:55:54 | DEBUG    | E43 S800/1251: loss=1.0053, lr=5.89e-04
2026-01-03 07:56:10 | DEBUG    | E43 S900/1251: loss=1.2840, lr=5.88e-04
2026-01-03 07:56:25 | DEBUG    | E43 S1000/1251: loss=1.1156, lr=5.86e-04
2026-01-03 07:56:41 | DEBUG    | E43 S1100/1251: loss=1.2419, lr=5.85e-04
2026-01-03 07:56:56 | DEBUG    | E43 S1200/1251: loss=0.9409, lr=5.84e-04
2026-01-03 07:58:05 | INFO     | E 43/90: loss=1.1748, train=71.3%, val=69.31%*, 6703 img/s
2026-01-03 07:58:22 | DEBUG    | E44 S100/1251: loss=1.3644, lr=5.81e-04
2026-01-03 07:58:37 | DEBUG    | E44 S200/1251: loss=1.3478, lr=5.80e-04
2026-01-03 07:58:52 | DEBUG    | E44 S300/1251: loss=1.1139, lr=5.78e-04
2026-01-03 07:59:07 | DEBUG    | E44 S400/1251: loss=0.8595, lr=5.77e-04
2026-01-03 07:59:23 | DEBUG    | E44 S500/1251: loss=0.9337, lr=5.75e-04
2026-01-03 07:59:38 | DEBUG    | E44 S600/1251: loss=1.4888, lr=5.74e-04
2026-01-03 07:59:52 | DEBUG    | E44 S700/1251: loss=1.2220, lr=5.73e-04
2026-01-03 08:00:06 | DEBUG    | E44 S800/1251: loss=1.3773, lr=5.71e-04
2026-01-03 08:00:21 | DEBUG    | E44 S900/1251: loss=1.0956, lr=5.70e-04
2026-01-03 08:00:37 | DEBUG    | E44 S1000/1251: loss=1.2044, lr=5.68e-04
2026-01-03 08:00:51 | DEBUG    | E44 S1100/1251: loss=1.1367, lr=5.67e-04
2026-01-03 08:01:06 | DEBUG    | E44 S1200/1251: loss=1.3932, lr=5.65e-04
2026-01-03 08:02:16 | INFO     | E 44/90: loss=1.1666, train=71.5%, val=69.81%*, 6888 img/s
2026-01-03 08:02:32 | DEBUG    | E45 S100/1251: loss=0.7656, lr=5.63e-04
2026-01-03 08:02:48 | DEBUG    | E45 S200/1251: loss=1.1565, lr=5.62e-04
2026-01-03 08:03:03 | DEBUG    | E45 S300/1251: loss=0.9866, lr=5.60e-04
2026-01-03 08:03:17 | DEBUG    | E45 S400/1251: loss=1.4717, lr=5.59e-04
2026-01-03 08:03:33 | DEBUG    | E45 S500/1251: loss=1.0883, lr=5.57e-04
2026-01-03 08:03:48 | DEBUG    | E45 S600/1251: loss=1.1811, lr=5.56e-04
2026-01-03 08:04:02 | DEBUG    | E45 S700/1251: loss=1.1668, lr=5.54e-04
2026-01-03 08:04:17 | DEBUG    | E45 S800/1251: loss=1.1119, lr=5.53e-04
2026-01-03 08:04:32 | DEBUG    | E45 S900/1251: loss=0.9895, lr=5.51e-04
2026-01-03 08:04:47 | DEBUG    | E45 S1000/1251: loss=1.1624, lr=5.50e-04
2026-01-03 08:05:02 | DEBUG    | E45 S1100/1251: loss=0.9694, lr=5.48e-04
2026-01-03 08:05:16 | DEBUG    | E45 S1200/1251: loss=1.1654, lr=5.47e-04
2026-01-03 08:06:25 | INFO     | E 45/90: loss=1.1505, train=71.9%, val=68.86%, 6898 img/s
2026-01-03 08:06:42 | DEBUG    | E46 S100/1251: loss=1.0223, lr=5.45e-04
2026-01-03 08:06:57 | DEBUG    | E46 S200/1251: loss=1.1180, lr=5.43e-04
2026-01-03 08:07:13 | DEBUG    | E46 S300/1251: loss=0.9879, lr=5.42e-04
2026-01-03 08:07:28 | DEBUG    | E46 S400/1251: loss=1.1539, lr=5.40e-04
2026-01-03 08:07:42 | DEBUG    | E46 S500/1251: loss=1.2039, lr=5.39e-04
2026-01-03 08:07:57 | DEBUG    | E46 S600/1251: loss=1.2488, lr=5.37e-04
2026-01-03 08:08:12 | DEBUG    | E46 S700/1251: loss=1.1316, lr=5.36e-04
2026-01-03 08:08:29 | DEBUG    | E46 S800/1251: loss=1.2520, lr=5.34e-04
2026-01-03 08:08:46 | DEBUG    | E46 S900/1251: loss=1.2376, lr=5.33e-04
2026-01-03 08:09:01 | DEBUG    | E46 S1000/1251: loss=1.0361, lr=5.31e-04
2026-01-03 08:09:16 | DEBUG    | E46 S1100/1251: loss=1.1804, lr=5.30e-04
2026-01-03 08:09:31 | DEBUG    | E46 S1200/1251: loss=0.8944, lr=5.28e-04
2026-01-03 08:10:41 | INFO     | E 46/90: loss=1.1312, train=72.3%, val=69.74%, 6687 img/s
2026-01-03 08:10:57 | DEBUG    | E47 S100/1251: loss=0.9126, lr=5.26e-04
2026-01-03 08:11:13 | DEBUG    | E47 S200/1251: loss=1.0109, lr=5.25e-04
2026-01-03 08:11:26 | DEBUG    | E47 S300/1251: loss=1.0034, lr=5.23e-04
2026-01-03 08:11:42 | DEBUG    | E47 S400/1251: loss=0.8471, lr=5.22e-04
2026-01-03 08:11:56 | DEBUG    | E47 S500/1251: loss=1.4220, lr=5.20e-04
2026-01-03 08:12:12 | DEBUG    | E47 S600/1251: loss=1.1029, lr=5.19e-04
2026-01-03 08:12:27 | DEBUG    | E47 S700/1251: loss=1.1152, lr=5.17e-04
2026-01-03 08:12:42 | DEBUG    | E47 S800/1251: loss=1.4487, lr=5.16e-04
2026-01-03 08:12:56 | DEBUG    | E47 S900/1251: loss=1.2665, lr=5.14e-04
2026-01-03 08:13:12 | DEBUG    | E47 S1000/1251: loss=1.3117, lr=5.13e-04
2026-01-03 08:13:27 | DEBUG    | E47 S1100/1251: loss=1.1704, lr=5.11e-04
2026-01-03 08:13:42 | DEBUG    | E47 S1200/1251: loss=1.1580, lr=5.10e-04
2026-01-03 08:14:51 | INFO     | E 47/90: loss=1.1244, train=72.5%, val=70.15%*, 6842 img/s
2026-01-03 08:15:08 | DEBUG    | E48 S100/1251: loss=0.8626, lr=5.08e-04
2026-01-03 08:15:23 | DEBUG    | E48 S200/1251: loss=0.9317, lr=5.06e-04
2026-01-03 08:15:38 | DEBUG    | E48 S300/1251: loss=0.9555, lr=5.05e-04
2026-01-03 08:15:53 | DEBUG    | E48 S400/1251: loss=1.1458, lr=5.03e-04
2026-01-03 08:16:08 | DEBUG    | E48 S500/1251: loss=1.0945, lr=5.02e-04
2026-01-03 08:16:23 | DEBUG    | E48 S600/1251: loss=0.8490, lr=5.00e-04
2026-01-03 08:16:38 | DEBUG    | E48 S700/1251: loss=0.9920, lr=4.99e-04
2026-01-03 08:16:53 | DEBUG    | E48 S800/1251: loss=0.9138, lr=4.97e-04
2026-01-03 08:17:08 | DEBUG    | E48 S900/1251: loss=0.9516, lr=4.96e-04
2026-01-03 08:17:24 | DEBUG    | E48 S1000/1251: loss=1.0902, lr=4.94e-04
2026-01-03 08:17:38 | DEBUG    | E48 S1100/1251: loss=1.4857, lr=4.93e-04
2026-01-03 08:17:53 | DEBUG    | E48 S1200/1251: loss=1.2251, lr=4.92e-04
2026-01-03 08:19:03 | INFO     | E 48/90: loss=1.1125, train=72.6%, val=70.38%*, 6822 img/s
2026-01-03 08:19:20 | DEBUG    | E49 S100/1251: loss=0.9468, lr=4.89e-04
2026-01-03 08:19:35 | DEBUG    | E49 S200/1251: loss=1.2988, lr=4.88e-04
2026-01-03 08:19:49 | DEBUG    | E49 S300/1251: loss=1.1409, lr=4.86e-04
2026-01-03 08:20:04 | DEBUG    | E49 S400/1251: loss=0.9862, lr=4.85e-04
2026-01-03 08:20:19 | DEBUG    | E49 S500/1251: loss=1.0877, lr=4.83e-04
2026-01-03 08:20:35 | DEBUG    | E49 S600/1251: loss=1.0341, lr=4.82e-04
2026-01-03 08:20:50 | DEBUG    | E49 S700/1251: loss=1.2060, lr=4.80e-04
2026-01-03 08:21:05 | DEBUG    | E49 S800/1251: loss=0.6633, lr=4.79e-04
2026-01-03 08:21:20 | DEBUG    | E49 S900/1251: loss=0.9709, lr=4.77e-04
2026-01-03 08:21:36 | DEBUG    | E49 S1000/1251: loss=1.0337, lr=4.76e-04
2026-01-03 08:21:51 | DEBUG    | E49 S1100/1251: loss=1.0759, lr=4.75e-04
2026-01-03 08:22:07 | DEBUG    | E49 S1200/1251: loss=1.4419, lr=4.73e-04
2026-01-03 08:23:16 | INFO     | E 49/90: loss=1.0982, train=73.1%, val=70.28%, 6781 img/s
2026-01-03 08:23:33 | DEBUG    | E50 S100/1251: loss=1.4402, lr=4.71e-04
2026-01-03 08:23:47 | DEBUG    | E50 S200/1251: loss=0.8877, lr=4.69e-04
2026-01-03 08:24:03 | DEBUG    | E50 S300/1251: loss=0.9549, lr=4.68e-04
2026-01-03 08:24:18 | DEBUG    | E50 S400/1251: loss=0.9925, lr=4.66e-04
2026-01-03 08:24:32 | DEBUG    | E50 S500/1251: loss=1.1555, lr=4.65e-04
2026-01-03 08:24:47 | DEBUG    | E50 S600/1251: loss=0.7773, lr=4.63e-04
2026-01-03 08:25:02 | DEBUG    | E50 S700/1251: loss=1.0966, lr=4.62e-04
2026-01-03 08:25:17 | DEBUG    | E50 S800/1251: loss=1.2167, lr=4.61e-04
2026-01-03 08:25:31 | DEBUG    | E50 S900/1251: loss=1.1066, lr=4.59e-04
2026-01-03 08:25:46 | DEBUG    | E50 S1000/1251: loss=0.9107, lr=4.58e-04
2026-01-03 08:26:01 | DEBUG    | E50 S1100/1251: loss=1.1884, lr=4.56e-04
2026-01-03 08:26:17 | DEBUG    | E50 S1200/1251: loss=1.0647, lr=4.55e-04
2026-01-03 08:27:26 | INFO     | E 50/90: loss=1.0757, train=73.5%, val=70.05%, 6848 img/s
2026-01-03 08:27:44 | DEBUG    | E51 S100/1251: loss=0.9295, lr=4.52e-04
2026-01-03 08:27:58 | DEBUG    | E51 S200/1251: loss=0.8897, lr=4.51e-04
2026-01-03 08:28:13 | DEBUG    | E51 S300/1251: loss=1.2551, lr=4.49e-04
2026-01-03 08:28:27 | DEBUG    | E51 S400/1251: loss=1.0927, lr=4.48e-04
2026-01-03 08:28:42 | DEBUG    | E51 S500/1251: loss=1.0817, lr=4.47e-04
2026-01-03 08:28:57 | DEBUG    | E51 S600/1251: loss=1.2294, lr=4.45e-04
2026-01-03 08:29:12 | DEBUG    | E51 S700/1251: loss=1.0744, lr=4.44e-04
2026-01-03 08:29:27 | DEBUG    | E51 S800/1251: loss=0.9818, lr=4.42e-04
2026-01-03 08:29:42 | DEBUG    | E51 S900/1251: loss=0.9141, lr=4.41e-04
2026-01-03 08:29:57 | DEBUG    | E51 S1000/1251: loss=1.2459, lr=4.39e-04
2026-01-03 08:30:12 | DEBUG    | E51 S1100/1251: loss=1.0040, lr=4.38e-04
2026-01-03 08:30:27 | DEBUG    | E51 S1200/1251: loss=0.9981, lr=4.36e-04
2026-01-03 08:31:36 | INFO     | E 51/90: loss=1.0723, train=73.6%, val=70.44%*, 6876 img/s
2026-01-03 08:31:53 | DEBUG    | E52 S100/1251: loss=0.9791, lr=4.34e-04
2026-01-03 08:32:07 | DEBUG    | E52 S200/1251: loss=0.9038, lr=4.33e-04
2026-01-03 08:32:22 | DEBUG    | E52 S300/1251: loss=0.8336, lr=4.31e-04
2026-01-03 08:32:37 | DEBUG    | E52 S400/1251: loss=0.9946, lr=4.30e-04
2026-01-03 08:32:51 | DEBUG    | E52 S500/1251: loss=1.0758, lr=4.28e-04
2026-01-03 08:33:06 | DEBUG    | E52 S600/1251: loss=0.9450, lr=4.27e-04
2026-01-03 08:33:21 | DEBUG    | E52 S700/1251: loss=1.2482, lr=4.25e-04
2026-01-03 08:33:36 | DEBUG    | E52 S800/1251: loss=1.1389, lr=4.24e-04
2026-01-03 08:33:52 | DEBUG    | E52 S900/1251: loss=1.1284, lr=4.22e-04
2026-01-03 08:34:06 | DEBUG    | E52 S1000/1251: loss=1.2224, lr=4.21e-04
2026-01-03 08:34:20 | DEBUG    | E52 S1100/1251: loss=1.0450, lr=4.19e-04
2026-01-03 08:34:36 | DEBUG    | E52 S1200/1251: loss=1.0253, lr=4.18e-04
2026-01-03 08:35:44 | INFO     | E 52/90: loss=1.0594, train=74.0%, val=70.35%, 6943 img/s
2026-01-03 08:36:01 | DEBUG    | E53 S100/1251: loss=0.7082, lr=4.16e-04
2026-01-03 08:36:16 | DEBUG    | E53 S200/1251: loss=1.2535, lr=4.14e-04
2026-01-03 08:36:32 | DEBUG    | E53 S300/1251: loss=1.0053, lr=4.13e-04
2026-01-03 08:36:47 | DEBUG    | E53 S400/1251: loss=0.9132, lr=4.11e-04
2026-01-03 08:37:01 | DEBUG    | E53 S500/1251: loss=1.0008, lr=4.10e-04
2026-01-03 08:37:15 | DEBUG    | E53 S600/1251: loss=0.9110, lr=4.09e-04
2026-01-03 08:37:31 | DEBUG    | E53 S700/1251: loss=1.0939, lr=4.07e-04
2026-01-03 08:37:48 | DEBUG    | E53 S800/1251: loss=1.0093, lr=4.06e-04
2026-01-03 08:38:04 | DEBUG    | E53 S900/1251: loss=1.0572, lr=4.04e-04
2026-01-03 08:38:18 | DEBUG    | E53 S1000/1251: loss=1.2831, lr=4.03e-04
2026-01-03 08:38:34 | DEBUG    | E53 S1100/1251: loss=0.9727, lr=4.01e-04
2026-01-03 08:38:49 | DEBUG    | E53 S1200/1251: loss=1.2621, lr=4.00e-04
2026-01-03 08:39:58 | INFO     | E 53/90: loss=1.0352, train=74.6%, val=70.15%, 6736 img/s
2026-01-03 08:40:16 | DEBUG    | E54 S100/1251: loss=0.9078, lr=3.98e-04
2026-01-03 08:40:30 | DEBUG    | E54 S200/1251: loss=0.9657, lr=3.96e-04
2026-01-03 08:40:45 | DEBUG    | E54 S300/1251: loss=1.1913, lr=3.95e-04
2026-01-03 08:41:00 | DEBUG    | E54 S400/1251: loss=0.8431, lr=3.93e-04
2026-01-03 08:41:14 | DEBUG    | E54 S500/1251: loss=1.0285, lr=3.92e-04
2026-01-03 08:41:29 | DEBUG    | E54 S600/1251: loss=0.8636, lr=3.90e-04
2026-01-03 08:41:43 | DEBUG    | E54 S700/1251: loss=0.9298, lr=3.89e-04
2026-01-03 08:41:59 | DEBUG    | E54 S800/1251: loss=1.3497, lr=3.88e-04
2026-01-03 08:42:13 | DEBUG    | E54 S900/1251: loss=0.9682, lr=3.86e-04
2026-01-03 08:42:28 | DEBUG    | E54 S1000/1251: loss=0.7742, lr=3.85e-04
2026-01-03 08:42:44 | DEBUG    | E54 S1100/1251: loss=0.9994, lr=3.83e-04
2026-01-03 08:42:59 | DEBUG    | E54 S1200/1251: loss=1.1017, lr=3.82e-04
2026-01-03 08:44:08 | INFO     | E 54/90: loss=1.0277, train=74.6%, val=71.41%*, 6869 img/s
2026-01-03 08:44:24 | DEBUG    | E55 S100/1251: loss=0.9525, lr=3.80e-04
2026-01-03 08:44:40 | DEBUG    | E55 S200/1251: loss=0.9510, lr=3.78e-04
2026-01-03 08:44:55 | DEBUG    | E55 S300/1251: loss=1.0769, lr=3.77e-04
2026-01-03 08:45:09 | DEBUG    | E55 S400/1251: loss=1.2223, lr=3.75e-04
2026-01-03 08:45:24 | DEBUG    | E55 S500/1251: loss=1.0872, lr=3.74e-04
2026-01-03 08:45:39 | DEBUG    | E55 S600/1251: loss=0.9221, lr=3.72e-04
2026-01-03 08:45:54 | DEBUG    | E55 S700/1251: loss=1.1646, lr=3.71e-04
2026-01-03 08:46:09 | DEBUG    | E55 S800/1251: loss=1.1482, lr=3.70e-04
2026-01-03 08:46:24 | DEBUG    | E55 S900/1251: loss=1.0014, lr=3.68e-04
2026-01-03 08:46:39 | DEBUG    | E55 S1000/1251: loss=1.1471, lr=3.67e-04
2026-01-03 08:46:54 | DEBUG    | E55 S1100/1251: loss=0.8894, lr=3.65e-04
2026-01-03 08:47:10 | DEBUG    | E55 S1200/1251: loss=0.9316, lr=3.64e-04
2026-01-03 08:48:19 | INFO     | E 55/90: loss=1.0049, train=75.2%, val=70.93%, 6859 img/s
2026-01-03 08:48:37 | DEBUG    | E56 S100/1251: loss=0.9991, lr=3.62e-04
2026-01-03 08:48:52 | DEBUG    | E56 S200/1251: loss=1.2963, lr=3.60e-04
2026-01-03 08:49:06 | DEBUG    | E56 S300/1251: loss=1.0377, lr=3.59e-04
2026-01-03 08:49:20 | DEBUG    | E56 S400/1251: loss=0.6765, lr=3.58e-04
2026-01-03 08:49:36 | DEBUG    | E56 S500/1251: loss=0.8164, lr=3.56e-04
2026-01-03 08:49:51 | DEBUG    | E56 S600/1251: loss=0.9423, lr=3.55e-04
2026-01-03 08:50:06 | DEBUG    | E56 S700/1251: loss=0.9723, lr=3.53e-04
2026-01-03 08:50:22 | DEBUG    | E56 S800/1251: loss=1.1379, lr=3.52e-04
2026-01-03 08:50:37 | DEBUG    | E56 S900/1251: loss=1.2298, lr=3.50e-04
2026-01-03 08:50:53 | DEBUG    | E56 S1000/1251: loss=0.8019, lr=3.49e-04
2026-01-03 08:51:08 | DEBUG    | E56 S1100/1251: loss=0.7216, lr=3.48e-04
2026-01-03 08:51:23 | DEBUG    | E56 S1200/1251: loss=0.9695, lr=3.46e-04
2026-01-03 08:52:33 | INFO     | E 56/90: loss=0.9967, train=75.5%, val=70.82%, 6721 img/s
2026-01-03 08:52:50 | DEBUG    | E57 S100/1251: loss=0.8901, lr=3.44e-04
2026-01-03 08:53:04 | DEBUG    | E57 S200/1251: loss=0.8717, lr=3.43e-04
2026-01-03 08:53:19 | DEBUG    | E57 S300/1251: loss=0.8951, lr=3.41e-04
2026-01-03 08:53:34 | DEBUG    | E57 S400/1251: loss=1.1107, lr=3.40e-04
2026-01-03 08:53:49 | DEBUG    | E57 S500/1251: loss=1.0804, lr=3.38e-04
2026-01-03 08:54:03 | DEBUG    | E57 S600/1251: loss=0.9203, lr=3.37e-04
2026-01-03 08:54:17 | DEBUG    | E57 S700/1251: loss=1.2428, lr=3.36e-04
2026-01-03 08:54:33 | DEBUG    | E57 S800/1251: loss=1.3108, lr=3.34e-04
2026-01-03 08:54:48 | DEBUG    | E57 S900/1251: loss=1.1851, lr=3.33e-04
2026-01-03 08:55:04 | DEBUG    | E57 S1000/1251: loss=0.9508, lr=3.32e-04
2026-01-03 08:55:19 | DEBUG    | E57 S1100/1251: loss=0.7829, lr=3.30e-04
2026-01-03 08:55:35 | DEBUG    | E57 S1200/1251: loss=1.2122, lr=3.29e-04
2026-01-03 08:56:44 | INFO     | E 57/90: loss=0.9767, train=75.8%, val=71.79%*, 6844 img/s
2026-01-03 08:57:00 | DEBUG    | E58 S100/1251: loss=1.0592, lr=3.27e-04
2026-01-03 08:57:15 | DEBUG    | E58 S200/1251: loss=1.1083, lr=3.25e-04
2026-01-03 08:57:30 | DEBUG    | E58 S300/1251: loss=1.1617, lr=3.24e-04
2026-01-03 08:57:46 | DEBUG    | E58 S400/1251: loss=0.8767, lr=3.23e-04
2026-01-03 08:58:00 | DEBUG    | E58 S500/1251: loss=0.9243, lr=3.21e-04
2026-01-03 08:58:16 | DEBUG    | E58 S600/1251: loss=1.2138, lr=3.20e-04
2026-01-03 08:58:31 | DEBUG    | E58 S700/1251: loss=0.8719, lr=3.18e-04
2026-01-03 08:58:45 | DEBUG    | E58 S800/1251: loss=0.8551, lr=3.17e-04
2026-01-03 08:59:00 | DEBUG    | E58 S900/1251: loss=0.9415, lr=3.16e-04
2026-01-03 08:59:15 | DEBUG    | E58 S1000/1251: loss=0.9322, lr=3.14e-04
2026-01-03 08:59:30 | DEBUG    | E58 S1100/1251: loss=0.9023, lr=3.13e-04
2026-01-03 08:59:45 | DEBUG    | E58 S1200/1251: loss=0.8837, lr=3.12e-04
2026-01-03 09:00:54 | INFO     | E 58/90: loss=0.9636, train=76.2%, val=71.60%, 6900 img/s
2026-01-03 09:01:11 | DEBUG    | E59 S100/1251: loss=0.9296, lr=3.09e-04
2026-01-03 09:01:25 | DEBUG    | E59 S200/1251: loss=1.1748, lr=3.08e-04
2026-01-03 09:01:41 | DEBUG    | E59 S300/1251: loss=1.0097, lr=3.07e-04
2026-01-03 09:01:56 | DEBUG    | E59 S400/1251: loss=0.8520, lr=3.05e-04
2026-01-03 09:02:10 | DEBUG    | E59 S500/1251: loss=0.9800, lr=3.04e-04
2026-01-03 09:02:24 | DEBUG    | E59 S600/1251: loss=0.9228, lr=3.03e-04
2026-01-03 09:02:39 | DEBUG    | E59 S700/1251: loss=0.8579, lr=3.01e-04
2026-01-03 09:02:54 | DEBUG    | E59 S800/1251: loss=0.9534, lr=3.00e-04
2026-01-03 09:03:09 | DEBUG    | E59 S900/1251: loss=1.0986, lr=2.99e-04
2026-01-03 09:03:24 | DEBUG    | E59 S1000/1251: loss=0.9205, lr=2.97e-04
2026-01-03 09:03:39 | DEBUG    | E59 S1100/1251: loss=1.2978, lr=2.96e-04
2026-01-03 09:03:53 | DEBUG    | E59 S1200/1251: loss=1.1669, lr=2.95e-04
2026-01-03 09:05:03 | INFO     | E 59/90: loss=0.9493, train=76.6%, val=71.86%*, 6921 img/s
2026-01-03 09:05:19 | DEBUG    | E60 S100/1251: loss=0.8779, lr=2.92e-04
2026-01-03 09:05:34 | DEBUG    | E60 S200/1251: loss=0.7814, lr=2.91e-04
2026-01-03 09:05:49 | DEBUG    | E60 S300/1251: loss=0.6548, lr=2.90e-04
2026-01-03 09:06:04 | DEBUG    | E60 S400/1251: loss=0.9693, lr=2.88e-04
2026-01-03 09:06:19 | DEBUG    | E60 S500/1251: loss=0.8863, lr=2.87e-04
2026-01-03 09:06:34 | DEBUG    | E60 S600/1251: loss=1.1367, lr=2.86e-04
2026-01-03 09:06:49 | DEBUG    | E60 S700/1251: loss=0.8479, lr=2.84e-04
2026-01-03 09:07:06 | DEBUG    | E60 S800/1251: loss=1.0686, lr=2.83e-04
2026-01-03 09:07:21 | DEBUG    | E60 S900/1251: loss=1.0475, lr=2.82e-04
2026-01-03 09:07:36 | DEBUG    | E60 S1000/1251: loss=0.8711, lr=2.80e-04
2026-01-03 09:07:52 | DEBUG    | E60 S1100/1251: loss=1.1339, lr=2.79e-04
2026-01-03 09:08:07 | DEBUG    | E60 S1200/1251: loss=1.0701, lr=2.78e-04
2026-01-03 09:09:17 | INFO     | E 60/90: loss=0.9345, train=76.9%, val=72.13%*, 6761 img/s
2026-01-03 09:09:34 | DEBUG    | E61 S100/1251: loss=0.8215, lr=2.76e-04
2026-01-03 09:09:49 | DEBUG    | E61 S200/1251: loss=1.1486, lr=2.75e-04
2026-01-03 09:10:03 | DEBUG    | E61 S300/1251: loss=1.2360, lr=2.73e-04
2026-01-03 09:10:19 | DEBUG    | E61 S400/1251: loss=1.0137, lr=2.72e-04
2026-01-03 09:10:34 | DEBUG    | E61 S500/1251: loss=1.0098, lr=2.71e-04
2026-01-03 09:10:48 | DEBUG    | E61 S600/1251: loss=0.8399, lr=2.69e-04
2026-01-03 09:11:04 | DEBUG    | E61 S700/1251: loss=0.8404, lr=2.68e-04
2026-01-03 09:11:18 | DEBUG    | E61 S800/1251: loss=0.8260, lr=2.67e-04
2026-01-03 09:11:33 | DEBUG    | E61 S900/1251: loss=0.9225, lr=2.65e-04
2026-01-03 09:11:48 | DEBUG    | E61 S1000/1251: loss=0.7634, lr=2.64e-04
2026-01-03 09:12:03 | DEBUG    | E61 S1100/1251: loss=0.7808, lr=2.63e-04
2026-01-03 09:12:18 | DEBUG    | E61 S1200/1251: loss=1.0290, lr=2.61e-04
2026-01-03 09:13:27 | INFO     | E 61/90: loss=0.9152, train=77.4%, val=71.59%, 6886 img/s
2026-01-03 09:13:45 | DEBUG    | E62 S100/1251: loss=1.0277, lr=2.59e-04
2026-01-03 09:13:59 | DEBUG    | E62 S200/1251: loss=0.9781, lr=2.58e-04
2026-01-03 09:14:15 | DEBUG    | E62 S300/1251: loss=0.9984, lr=2.57e-04
2026-01-03 09:14:29 | DEBUG    | E62 S400/1251: loss=1.0342, lr=2.56e-04
2026-01-03 09:14:44 | DEBUG    | E62 S500/1251: loss=0.8734, lr=2.54e-04
2026-01-03 09:15:00 | DEBUG    | E62 S600/1251: loss=1.0047, lr=2.53e-04
2026-01-03 09:15:15 | DEBUG    | E62 S700/1251: loss=0.8078, lr=2.52e-04
2026-01-03 09:15:30 | DEBUG    | E62 S800/1251: loss=0.9800, lr=2.50e-04
2026-01-03 09:15:44 | DEBUG    | E62 S900/1251: loss=1.0845, lr=2.49e-04
2026-01-03 09:15:59 | DEBUG    | E62 S1000/1251: loss=0.9062, lr=2.48e-04
2026-01-03 09:16:15 | DEBUG    | E62 S1100/1251: loss=0.7877, lr=2.47e-04
2026-01-03 09:16:30 | DEBUG    | E62 S1200/1251: loss=0.6939, lr=2.45e-04
2026-01-03 09:17:39 | INFO     | E 62/90: loss=0.9035, train=77.7%, val=72.54%*, 6782 img/s
2026-01-03 09:17:56 | DEBUG    | E63 S100/1251: loss=0.7638, lr=2.43e-04
2026-01-03 09:18:11 | DEBUG    | E63 S200/1251: loss=0.7603, lr=2.42e-04
2026-01-03 09:18:26 | DEBUG    | E63 S300/1251: loss=0.7849, lr=2.41e-04
2026-01-03 09:18:41 | DEBUG    | E63 S400/1251: loss=0.8659, lr=2.40e-04
2026-01-03 09:18:56 | DEBUG    | E63 S500/1251: loss=0.9674, lr=2.38e-04
2026-01-03 09:19:11 | DEBUG    | E63 S600/1251: loss=1.0071, lr=2.37e-04
2026-01-03 09:19:26 | DEBUG    | E63 S700/1251: loss=0.9446, lr=2.36e-04
2026-01-03 09:19:41 | DEBUG    | E63 S800/1251: loss=0.8022, lr=2.35e-04
2026-01-03 09:19:56 | DEBUG    | E63 S900/1251: loss=1.0903, lr=2.33e-04
2026-01-03 09:20:12 | DEBUG    | E63 S1000/1251: loss=1.0557, lr=2.32e-04
2026-01-03 09:20:28 | DEBUG    | E63 S1100/1251: loss=0.8331, lr=2.31e-04
2026-01-03 09:20:43 | DEBUG    | E63 S1200/1251: loss=0.9204, lr=2.30e-04
2026-01-03 09:21:53 | INFO     | E 63/90: loss=0.8848, train=78.0%, val=72.53%, 6782 img/s
2026-01-03 09:22:09 | DEBUG    | E64 S100/1251: loss=0.8146, lr=2.28e-04
2026-01-03 09:22:23 | DEBUG    | E64 S200/1251: loss=0.7697, lr=2.27e-04
2026-01-03 09:22:39 | DEBUG    | E64 S300/1251: loss=0.8526, lr=2.25e-04
2026-01-03 09:22:53 | DEBUG    | E64 S400/1251: loss=0.9434, lr=2.24e-04
2026-01-03 09:23:09 | DEBUG    | E64 S500/1251: loss=0.7136, lr=2.23e-04
2026-01-03 09:23:24 | DEBUG    | E64 S600/1251: loss=0.7422, lr=2.22e-04
2026-01-03 09:23:39 | DEBUG    | E64 S700/1251: loss=0.8120, lr=2.20e-04
2026-01-03 09:23:53 | DEBUG    | E64 S800/1251: loss=0.8238, lr=2.19e-04
2026-01-03 09:24:08 | DEBUG    | E64 S900/1251: loss=0.7823, lr=2.18e-04
2026-01-03 09:24:23 | DEBUG    | E64 S1000/1251: loss=0.9303, lr=2.17e-04
2026-01-03 09:24:38 | DEBUG    | E64 S1100/1251: loss=1.2062, lr=2.15e-04
2026-01-03 09:24:53 | DEBUG    | E64 S1200/1251: loss=0.6997, lr=2.14e-04
2026-01-03 09:26:03 | INFO     | E 64/90: loss=0.8704, train=78.4%, val=72.29%, 6877 img/s
2026-01-03 09:26:19 | DEBUG    | E65 S100/1251: loss=0.9707, lr=2.12e-04
2026-01-03 09:26:34 | DEBUG    | E65 S200/1251: loss=0.7174, lr=2.11e-04
2026-01-03 09:26:49 | DEBUG    | E65 S300/1251: loss=1.0962, lr=2.10e-04
2026-01-03 09:27:03 | DEBUG    | E65 S400/1251: loss=0.6076, lr=2.09e-04
2026-01-03 09:27:18 | DEBUG    | E65 S500/1251: loss=0.9015, lr=2.08e-04
2026-01-03 09:27:34 | DEBUG    | E65 S600/1251: loss=0.7357, lr=2.06e-04
2026-01-03 09:27:49 | DEBUG    | E65 S700/1251: loss=0.8603, lr=2.05e-04
2026-01-03 09:28:04 | DEBUG    | E65 S800/1251: loss=0.7435, lr=2.04e-04
2026-01-03 09:28:19 | DEBUG    | E65 S900/1251: loss=0.7517, lr=2.03e-04
2026-01-03 09:28:35 | DEBUG    | E65 S1000/1251: loss=0.7701, lr=2.02e-04
2026-01-03 09:28:50 | DEBUG    | E65 S1100/1251: loss=0.7256, lr=2.00e-04
2026-01-03 09:29:04 | DEBUG    | E65 S1200/1251: loss=0.8698, lr=1.99e-04
2026-01-03 09:30:14 | INFO     | E 65/90: loss=0.8588, train=78.7%, val=72.54%, 6850 img/s
2026-01-03 09:30:31 | DEBUG    | E66 S100/1251: loss=0.6595, lr=1.98e-04
2026-01-03 09:30:45 | DEBUG    | E66 S200/1251: loss=0.7741, lr=1.96e-04
2026-01-03 09:31:01 | DEBUG    | E66 S300/1251: loss=1.0898, lr=1.95e-04
2026-01-03 09:31:15 | DEBUG    | E66 S400/1251: loss=0.9503, lr=1.94e-04
2026-01-03 09:31:30 | DEBUG    | E66 S500/1251: loss=0.9852, lr=1.93e-04
2026-01-03 09:31:45 | DEBUG    | E66 S600/1251: loss=0.9132, lr=1.92e-04
2026-01-03 09:32:00 | DEBUG    | E66 S700/1251: loss=0.9618, lr=1.91e-04
2026-01-03 09:32:15 | DEBUG    | E66 S800/1251: loss=0.6710, lr=1.89e-04
2026-01-03 09:32:30 | DEBUG    | E66 S900/1251: loss=0.8404, lr=1.88e-04
2026-01-03 09:32:45 | DEBUG    | E66 S1000/1251: loss=0.9202, lr=1.87e-04
2026-01-03 09:33:01 | DEBUG    | E66 S1100/1251: loss=0.9602, lr=1.86e-04
2026-01-03 09:33:15 | DEBUG    | E66 S1200/1251: loss=0.7512, lr=1.85e-04
2026-01-03 09:34:25 | INFO     | E 66/90: loss=0.8406, train=79.1%, val=72.57%*, 6850 img/s
2026-01-03 09:34:42 | DEBUG    | E67 S100/1251: loss=0.9492, lr=1.83e-04
2026-01-03 09:34:57 | DEBUG    | E67 S200/1251: loss=0.8025, lr=1.82e-04
2026-01-03 09:35:12 | DEBUG    | E67 S300/1251: loss=0.9117, lr=1.81e-04
2026-01-03 09:35:26 | DEBUG    | E67 S400/1251: loss=0.6741, lr=1.80e-04
2026-01-03 09:35:42 | DEBUG    | E67 S500/1251: loss=0.9375, lr=1.78e-04
2026-01-03 09:35:56 | DEBUG    | E67 S600/1251: loss=0.9797, lr=1.77e-04
2026-01-03 09:36:12 | DEBUG    | E67 S700/1251: loss=0.7797, lr=1.76e-04
2026-01-03 09:36:27 | DEBUG    | E67 S800/1251: loss=0.7338, lr=1.75e-04
2026-01-03 09:36:44 | DEBUG    | E67 S900/1251: loss=0.8374, lr=1.74e-04
2026-01-03 09:36:59 | DEBUG    | E67 S1000/1251: loss=1.0525, lr=1.73e-04
2026-01-03 09:37:15 | DEBUG    | E67 S1100/1251: loss=0.7790, lr=1.72e-04
2026-01-03 09:37:31 | DEBUG    | E67 S1200/1251: loss=0.8509, lr=1.71e-04
2026-01-03 09:38:40 | INFO     | E 67/90: loss=0.8352, train=79.4%, val=72.84%*, 6722 img/s
2026-01-03 09:38:57 | DEBUG    | E68 S100/1251: loss=0.7213, lr=1.69e-04
2026-01-03 09:39:11 | DEBUG    | E68 S200/1251: loss=0.5478, lr=1.68e-04
2026-01-03 09:39:27 | DEBUG    | E68 S300/1251: loss=0.5741, lr=1.67e-04
2026-01-03 09:39:41 | DEBUG    | E68 S400/1251: loss=1.0397, lr=1.66e-04
2026-01-03 09:39:56 | DEBUG    | E68 S500/1251: loss=0.8994, lr=1.65e-04
2026-01-03 09:40:10 | DEBUG    | E68 S600/1251: loss=0.8416, lr=1.63e-04
2026-01-03 09:40:26 | DEBUG    | E68 S700/1251: loss=0.6695, lr=1.62e-04
2026-01-03 09:40:41 | DEBUG    | E68 S800/1251: loss=0.7104, lr=1.61e-04
2026-01-03 09:40:56 | DEBUG    | E68 S900/1251: loss=0.5918, lr=1.60e-04
2026-01-03 09:41:11 | DEBUG    | E68 S1000/1251: loss=0.7167, lr=1.59e-04
2026-01-03 09:41:27 | DEBUG    | E68 S1100/1251: loss=0.6488, lr=1.58e-04
2026-01-03 09:41:41 | DEBUG    | E68 S1200/1251: loss=0.7306, lr=1.57e-04
2026-01-03 09:42:51 | INFO     | E 68/90: loss=0.8097, train=79.9%, val=73.01%*, 6852 img/s
2026-01-03 09:43:08 | DEBUG    | E69 S100/1251: loss=0.7167, lr=1.55e-04
2026-01-03 09:43:23 | DEBUG    | E69 S200/1251: loss=0.6332, lr=1.54e-04
2026-01-03 09:43:37 | DEBUG    | E69 S300/1251: loss=0.6355, lr=1.53e-04
2026-01-03 09:43:52 | DEBUG    | E69 S400/1251: loss=0.7560, lr=1.52e-04
2026-01-03 09:44:07 | DEBUG    | E69 S500/1251: loss=0.9076, lr=1.51e-04
2026-01-03 09:44:23 | DEBUG    | E69 S600/1251: loss=0.8035, lr=1.50e-04
2026-01-03 09:44:38 | DEBUG    | E69 S700/1251: loss=0.9111, lr=1.49e-04
2026-01-03 09:44:53 | DEBUG    | E69 S800/1251: loss=0.7698, lr=1.48e-04
2026-01-03 09:45:08 | DEBUG    | E69 S900/1251: loss=1.1061, lr=1.47e-04
2026-01-03 09:45:23 | DEBUG    | E69 S1000/1251: loss=0.7285, lr=1.46e-04
2026-01-03 09:45:39 | DEBUG    | E69 S1100/1251: loss=0.7306, lr=1.45e-04
2026-01-03 09:45:54 | DEBUG    | E69 S1200/1251: loss=0.6608, lr=1.44e-04
2026-01-03 09:47:03 | INFO     | E 69/90: loss=0.8059, train=80.0%, val=72.49%, 6806 img/s
2026-01-03 09:47:21 | DEBUG    | E70 S100/1251: loss=0.7052, lr=1.42e-04
2026-01-03 09:47:35 | DEBUG    | E70 S200/1251: loss=0.5826, lr=1.41e-04
2026-01-03 09:47:49 | DEBUG    | E70 S300/1251: loss=0.8242, lr=1.40e-04
2026-01-03 09:48:04 | DEBUG    | E70 S400/1251: loss=0.7087, lr=1.39e-04
2026-01-03 09:48:20 | DEBUG    | E70 S500/1251: loss=0.5689, lr=1.38e-04
2026-01-03 09:48:35 | DEBUG    | E70 S600/1251: loss=0.8886, lr=1.37e-04
2026-01-03 09:48:50 | DEBUG    | E70 S700/1251: loss=0.7961, lr=1.36e-04
2026-01-03 09:49:06 | DEBUG    | E70 S800/1251: loss=0.8372, lr=1.35e-04
2026-01-03 09:49:21 | DEBUG    | E70 S900/1251: loss=0.8546, lr=1.34e-04
2026-01-03 09:49:37 | DEBUG    | E70 S1000/1251: loss=0.8979, lr=1.33e-04
2026-01-03 09:49:52 | DEBUG    | E70 S1100/1251: loss=0.7829, lr=1.32e-04
2026-01-03 09:50:08 | DEBUG    | E70 S1200/1251: loss=0.7635, lr=1.31e-04
2026-01-03 09:51:17 | INFO     | E 70/90: loss=0.7807, train=80.7%, val=73.22%*, 6725 img/s
2026-01-03 09:51:34 | DEBUG    | E71 S100/1251: loss=0.8381, lr=1.30e-04
2026-01-03 09:51:49 | DEBUG    | E71 S200/1251: loss=0.7212, lr=1.29e-04
2026-01-03 09:52:04 | DEBUG    | E71 S300/1251: loss=0.9264, lr=1.28e-04
2026-01-03 09:52:19 | DEBUG    | E71 S400/1251: loss=0.8311, lr=1.27e-04
2026-01-03 09:52:33 | DEBUG    | E71 S500/1251: loss=0.7239, lr=1.26e-04
2026-01-03 09:52:48 | DEBUG    | E71 S600/1251: loss=0.7091, lr=1.25e-04
2026-01-03 09:53:04 | DEBUG    | E71 S700/1251: loss=0.8215, lr=1.24e-04
2026-01-03 09:53:18 | DEBUG    | E71 S800/1251: loss=0.6022, lr=1.23e-04
2026-01-03 09:53:33 | DEBUG    | E71 S900/1251: loss=0.8386, lr=1.22e-04
2026-01-03 09:53:48 | DEBUG    | E71 S1000/1251: loss=0.7219, lr=1.21e-04
2026-01-03 09:54:03 | DEBUG    | E71 S1100/1251: loss=0.5536, lr=1.20e-04
2026-01-03 09:54:18 | DEBUG    | E71 S1200/1251: loss=0.8335, lr=1.19e-04
2026-01-03 09:55:27 | INFO     | E 71/90: loss=0.7660, train=81.0%, val=73.34%*, 6873 img/s
2026-01-03 09:55:45 | DEBUG    | E72 S100/1251: loss=0.8705, lr=1.17e-04
2026-01-03 09:55:59 | DEBUG    | E72 S200/1251: loss=0.9930, lr=1.16e-04
2026-01-03 09:56:15 | DEBUG    | E72 S300/1251: loss=0.8729, lr=1.15e-04
2026-01-03 09:56:30 | DEBUG    | E72 S400/1251: loss=0.6330, lr=1.15e-04
2026-01-03 09:56:45 | DEBUG    | E72 S500/1251: loss=0.8229, lr=1.14e-04
2026-01-03 09:57:00 | DEBUG    | E72 S600/1251: loss=0.6835, lr=1.13e-04
2026-01-03 09:57:14 | DEBUG    | E72 S700/1251: loss=0.7002, lr=1.12e-04
2026-01-03 09:57:29 | DEBUG    | E72 S800/1251: loss=0.7650, lr=1.11e-04
2026-01-03 09:57:45 | DEBUG    | E72 S900/1251: loss=0.6759, lr=1.10e-04
2026-01-03 09:57:59 | DEBUG    | E72 S1000/1251: loss=0.7676, lr=1.09e-04
2026-01-03 09:58:15 | DEBUG    | E72 S1100/1251: loss=0.6010, lr=1.08e-04
2026-01-03 09:58:29 | DEBUG    | E72 S1200/1251: loss=0.6450, lr=1.07e-04
2026-01-03 09:59:38 | INFO     | E 72/90: loss=0.7596, train=81.2%, val=73.38%*, 6844 img/s
2026-01-03 09:59:56 | DEBUG    | E73 S100/1251: loss=0.6223, lr=1.06e-04
2026-01-03 10:00:10 | DEBUG    | E73 S200/1251: loss=0.7279, lr=1.05e-04
2026-01-03 10:00:25 | DEBUG    | E73 S300/1251: loss=0.8515, lr=1.04e-04
2026-01-03 10:00:40 | DEBUG    | E73 S400/1251: loss=0.7423, lr=1.03e-04
2026-01-03 10:00:55 | DEBUG    | E73 S500/1251: loss=0.7984, lr=1.02e-04
2026-01-03 10:01:10 | DEBUG    | E73 S600/1251: loss=0.8051, lr=1.01e-04
2026-01-03 10:01:26 | DEBUG    | E73 S700/1251: loss=0.7986, lr=1.00e-04
2026-01-03 10:01:40 | DEBUG    | E73 S800/1251: loss=0.6648, lr=9.95e-05
2026-01-03 10:01:55 | DEBUG    | E73 S900/1251: loss=0.7138, lr=9.86e-05
2026-01-03 10:02:09 | DEBUG    | E73 S1000/1251: loss=0.7123, lr=9.77e-05
2026-01-03 10:02:24 | DEBUG    | E73 S1100/1251: loss=0.9657, lr=9.68e-05
2026-01-03 10:02:39 | DEBUG    | E73 S1200/1251: loss=0.6194, lr=9.59e-05
2026-01-03 10:03:48 | INFO     | E 73/90: loss=0.7484, train=81.5%, val=73.54%*, 6897 img/s
2026-01-03 10:04:05 | DEBUG    | E74 S100/1251: loss=0.4734, lr=9.46e-05
2026-01-03 10:04:19 | DEBUG    | E74 S200/1251: loss=0.6946, lr=9.38e-05
2026-01-03 10:04:35 | DEBUG    | E74 S300/1251: loss=0.5134, lr=9.29e-05
2026-01-03 10:04:49 | DEBUG    | E74 S400/1251: loss=0.6187, lr=9.21e-05
2026-01-03 10:05:04 | DEBUG    | E74 S500/1251: loss=0.7056, lr=9.12e-05
2026-01-03 10:05:19 | DEBUG    | E74 S600/1251: loss=0.6286, lr=9.04e-05
2026-01-03 10:05:34 | DEBUG    | E74 S700/1251: loss=0.4932, lr=8.95e-05
2026-01-03 10:05:50 | DEBUG    | E74 S800/1251: loss=0.7935, lr=8.87e-05
2026-01-03 10:06:07 | DEBUG    | E74 S900/1251: loss=0.6339, lr=8.78e-05
2026-01-03 10:06:23 | DEBUG    | E74 S1000/1251: loss=0.9388, lr=8.70e-05
2026-01-03 10:06:38 | DEBUG    | E74 S1100/1251: loss=0.9934, lr=8.62e-05
2026-01-03 10:06:52 | DEBUG    | E74 S1200/1251: loss=0.8806, lr=8.53e-05
2026-01-03 10:08:01 | INFO     | E 74/90: loss=0.7254, train=82.1%, val=73.41%, 6776 img/s
2026-01-03 10:08:18 | DEBUG    | E75 S100/1251: loss=0.6568, lr=8.41e-05
2026-01-03 10:08:34 | DEBUG    | E75 S200/1251: loss=0.7713, lr=8.33e-05
2026-01-03 10:08:49 | DEBUG    | E75 S300/1251: loss=0.8062, lr=8.25e-05
2026-01-03 10:09:04 | DEBUG    | E75 S400/1251: loss=0.5832, lr=8.17e-05
2026-01-03 10:09:18 | DEBUG    | E75 S500/1251: loss=0.6170, lr=8.08e-05
2026-01-03 10:09:33 | DEBUG    | E75 S600/1251: loss=0.8423, lr=8.00e-05
2026-01-03 10:09:48 | DEBUG    | E75 S700/1251: loss=0.7249, lr=7.92e-05
2026-01-03 10:10:03 | DEBUG    | E75 S800/1251: loss=0.6818, lr=7.84e-05
2026-01-03 10:10:19 | DEBUG    | E75 S900/1251: loss=0.6109, lr=7.77e-05
2026-01-03 10:10:33 | DEBUG    | E75 S1000/1251: loss=0.6593, lr=7.69e-05
2026-01-03 10:10:48 | DEBUG    | E75 S1100/1251: loss=0.7674, lr=7.61e-05
2026-01-03 10:11:03 | DEBUG    | E75 S1200/1251: loss=0.9810, lr=7.53e-05
2026-01-03 10:12:12 | INFO     | E 75/90: loss=0.7201, train=82.1%, val=73.69%*, 6833 img/s
2026-01-03 10:12:29 | DEBUG    | E76 S100/1251: loss=0.8867, lr=7.41e-05
2026-01-03 10:12:44 | DEBUG    | E76 S200/1251: loss=0.9054, lr=7.34e-05
2026-01-03 10:12:59 | DEBUG    | E76 S300/1251: loss=0.4525, lr=7.26e-05
2026-01-03 10:13:13 | DEBUG    | E76 S400/1251: loss=0.8262, lr=7.18e-05
2026-01-03 10:13:28 | DEBUG    | E76 S500/1251: loss=0.5462, lr=7.11e-05
2026-01-03 10:13:44 | DEBUG    | E76 S600/1251: loss=0.6004, lr=7.03e-05
2026-01-03 10:13:59 | DEBUG    | E76 S700/1251: loss=0.6134, lr=6.95e-05
2026-01-03 10:14:14 | DEBUG    | E76 S800/1251: loss=0.9240, lr=6.88e-05
2026-01-03 10:14:30 | DEBUG    | E76 S900/1251: loss=0.5287, lr=6.81e-05
2026-01-03 10:14:45 | DEBUG    | E76 S1000/1251: loss=0.6851, lr=6.73e-05
2026-01-03 10:15:00 | DEBUG    | E76 S1100/1251: loss=0.7537, lr=6.66e-05
2026-01-03 10:15:15 | DEBUG    | E76 S1200/1251: loss=0.7655, lr=6.58e-05
2026-01-03 10:16:24 | INFO     | E 76/90: loss=0.7117, train=82.4%, val=73.63%, 6815 img/s
2026-01-03 10:16:42 | DEBUG    | E77 S100/1251: loss=0.8416, lr=6.47e-05
2026-01-03 10:16:57 | DEBUG    | E77 S200/1251: loss=0.6338, lr=6.40e-05
2026-01-03 10:17:11 | DEBUG    | E77 S300/1251: loss=0.6986, lr=6.33e-05
2026-01-03 10:17:26 | DEBUG    | E77 S400/1251: loss=0.7911, lr=6.26e-05
2026-01-03 10:17:41 | DEBUG    | E77 S500/1251: loss=0.7757, lr=6.19e-05
2026-01-03 10:17:55 | DEBUG    | E77 S600/1251: loss=0.6754, lr=6.11e-05
2026-01-03 10:18:11 | DEBUG    | E77 S700/1251: loss=0.7956, lr=6.04e-05
2026-01-03 10:18:26 | DEBUG    | E77 S800/1251: loss=0.6029, lr=5.97e-05
2026-01-03 10:18:42 | DEBUG    | E77 S900/1251: loss=0.7521, lr=5.90e-05
2026-01-03 10:18:57 | DEBUG    | E77 S1000/1251: loss=0.8861, lr=5.83e-05
2026-01-03 10:19:14 | DEBUG    | E77 S1100/1251: loss=0.7907, lr=5.77e-05
2026-01-03 10:19:29 | DEBUG    | E77 S1200/1251: loss=0.8847, lr=5.70e-05
2026-01-03 10:20:38 | INFO     | E 77/90: loss=0.6986, train=82.9%, val=73.56%, 6700 img/s
2026-01-03 10:20:56 | DEBUG    | E78 S100/1251: loss=0.7272, lr=5.59e-05
2026-01-03 10:21:10 | DEBUG    | E78 S200/1251: loss=0.7089, lr=5.53e-05
2026-01-03 10:21:25 | DEBUG    | E78 S300/1251: loss=0.7800, lr=5.46e-05
2026-01-03 10:21:40 | DEBUG    | E78 S400/1251: loss=0.4964, lr=5.39e-05
2026-01-03 10:21:55 | DEBUG    | E78 S500/1251: loss=0.6578, lr=5.33e-05
2026-01-03 10:22:09 | DEBUG    | E78 S600/1251: loss=0.6871, lr=5.26e-05
2026-01-03 10:22:25 | DEBUG    | E78 S700/1251: loss=0.8581, lr=5.19e-05
2026-01-03 10:22:40 | DEBUG    | E78 S800/1251: loss=0.6698, lr=5.13e-05
2026-01-03 10:22:56 | DEBUG    | E78 S900/1251: loss=0.7777, lr=5.06e-05
2026-01-03 10:23:11 | DEBUG    | E78 S1000/1251: loss=0.5204, lr=5.00e-05
2026-01-03 10:23:26 | DEBUG    | E78 S1100/1251: loss=0.7801, lr=4.93e-05
2026-01-03 10:23:40 | DEBUG    | E78 S1200/1251: loss=0.9253, lr=4.87e-05
2026-01-03 10:24:50 | INFO     | E 78/90: loss=0.6931, train=82.9%, val=73.83%*, 6818 img/s
2026-01-03 10:25:08 | DEBUG    | E79 S100/1251: loss=0.5974, lr=4.78e-05
2026-01-03 10:25:23 | DEBUG    | E79 S200/1251: loss=0.6592, lr=4.71e-05
2026-01-03 10:25:38 | DEBUG    | E79 S300/1251: loss=0.8982, lr=4.65e-05
2026-01-03 10:25:53 | DEBUG    | E79 S400/1251: loss=0.7393, lr=4.59e-05
2026-01-03 10:26:08 | DEBUG    | E79 S500/1251: loss=0.6398, lr=4.53e-05
2026-01-03 10:26:23 | DEBUG    | E79 S600/1251: loss=0.5460, lr=4.47e-05
2026-01-03 10:26:39 | DEBUG    | E79 S700/1251: loss=0.5944, lr=4.40e-05
2026-01-03 10:26:53 | DEBUG    | E79 S800/1251: loss=0.6207, lr=4.34e-05
2026-01-03 10:27:09 | DEBUG    | E79 S900/1251: loss=0.7140, lr=4.28e-05
2026-01-03 10:27:23 | DEBUG    | E79 S1000/1251: loss=0.8315, lr=4.22e-05
2026-01-03 10:27:38 | DEBUG    | E79 S1100/1251: loss=0.6038, lr=4.16e-05
2026-01-03 10:27:52 | DEBUG    | E79 S1200/1251: loss=0.6178, lr=4.11e-05
2026-01-03 10:29:01 | INFO     | E 79/90: loss=0.6828, train=83.2%, val=73.81%, 6826 img/s
2026-01-03 10:29:19 | DEBUG    | E80 S100/1251: loss=0.5550, lr=4.02e-05
2026-01-03 10:29:34 | DEBUG    | E80 S200/1251: loss=0.6636, lr=3.96e-05
2026-01-03 10:29:49 | DEBUG    | E80 S300/1251: loss=0.5420, lr=3.90e-05
2026-01-03 10:30:04 | DEBUG    | E80 S400/1251: loss=0.5910, lr=3.85e-05
2026-01-03 10:30:19 | DEBUG    | E80 S500/1251: loss=0.5206, lr=3.79e-05
2026-01-03 10:30:33 | DEBUG    | E80 S600/1251: loss=0.4941, lr=3.73e-05
2026-01-03 10:30:48 | DEBUG    | E80 S700/1251: loss=0.7141, lr=3.68e-05
2026-01-03 10:31:02 | DEBUG    | E80 S800/1251: loss=0.5837, lr=3.62e-05
2026-01-03 10:31:18 | DEBUG    | E80 S900/1251: loss=0.6624, lr=3.57e-05
2026-01-03 10:31:33 | DEBUG    | E80 S1000/1251: loss=0.7035, lr=3.51e-05
2026-01-03 10:31:48 | DEBUG    | E80 S1100/1251: loss=0.6870, lr=3.46e-05
2026-01-03 10:32:03 | DEBUG    | E80 S1200/1251: loss=0.7416, lr=3.40e-05
2026-01-03 10:33:12 | INFO     | E 80/90: loss=0.6772, train=83.2%, val=73.97%*, 6842 img/s
2026-01-03 10:33:29 | DEBUG    | E81 S100/1251: loss=0.8377, lr=3.32e-05
2026-01-03 10:33:44 | DEBUG    | E81 S200/1251: loss=0.6353, lr=3.27e-05
2026-01-03 10:33:59 | DEBUG    | E81 S300/1251: loss=0.8969, lr=3.22e-05
2026-01-03 10:34:15 | DEBUG    | E81 S400/1251: loss=0.7140, lr=3.17e-05
2026-01-03 10:34:29 | DEBUG    | E81 S500/1251: loss=0.5175, lr=3.12e-05
2026-01-03 10:34:43 | DEBUG    | E81 S600/1251: loss=0.4476, lr=3.06e-05
2026-01-03 10:34:57 | DEBUG    | E81 S700/1251: loss=0.5358, lr=3.01e-05
2026-01-03 10:35:13 | DEBUG    | E81 S800/1251: loss=0.4641, lr=2.96e-05
2026-01-03 10:35:28 | DEBUG    | E81 S900/1251: loss=0.5276, lr=2.91e-05
2026-01-03 10:35:43 | DEBUG    | E81 S1000/1251: loss=0.5920, lr=2.86e-05
2026-01-03 10:35:59 | DEBUG    | E81 S1100/1251: loss=0.7337, lr=2.81e-05
2026-01-03 10:36:13 | DEBUG    | E81 S1200/1251: loss=0.6971, lr=2.77e-05
2026-01-03 10:37:26 | INFO     | E 81/90: loss=0.6706, train=83.6%, val=73.97%, 6849 img/s
2026-01-03 10:37:43 | DEBUG    | E82 S100/1251: loss=0.7023, lr=2.69e-05
2026-01-03 10:37:59 | DEBUG    | E82 S200/1251: loss=0.5487, lr=2.65e-05
2026-01-03 10:38:14 | DEBUG    | E82 S300/1251: loss=0.5466, lr=2.60e-05
2026-01-03 10:38:29 | DEBUG    | E82 S400/1251: loss=0.8076, lr=2.55e-05
2026-01-03 10:38:45 | DEBUG    | E82 S500/1251: loss=0.7888, lr=2.51e-05
2026-01-03 10:39:00 | DEBUG    | E82 S600/1251: loss=0.5198, lr=2.46e-05
2026-01-03 10:39:16 | DEBUG    | E82 S700/1251: loss=0.7698, lr=2.41e-05
2026-01-03 10:39:31 | DEBUG    | E82 S800/1251: loss=0.6613, lr=2.37e-05
2026-01-03 10:39:46 | DEBUG    | E82 S900/1251: loss=0.4309, lr=2.32e-05
2026-01-03 10:40:02 | DEBUG    | E82 S1000/1251: loss=0.4975, lr=2.28e-05
2026-01-03 10:40:16 | DEBUG    | E82 S1100/1251: loss=0.7912, lr=2.24e-05
2026-01-03 10:40:32 | DEBUG    | E82 S1200/1251: loss=0.7017, lr=2.19e-05
2026-01-03 10:41:40 | INFO     | E 82/90: loss=0.6564, train=83.8%, val=73.91%, 6696 img/s
2026-01-03 10:41:58 | DEBUG    | E83 S100/1251: loss=0.5487, lr=2.13e-05
2026-01-03 10:42:13 | DEBUG    | E83 S200/1251: loss=0.7129, lr=2.08e-05
2026-01-03 10:42:28 | DEBUG    | E83 S300/1251: loss=0.9336, lr=2.04e-05
2026-01-03 10:42:43 | DEBUG    | E83 S400/1251: loss=0.6556, lr=2.00e-05
2026-01-03 10:42:57 | DEBUG    | E83 S500/1251: loss=0.5540, lr=1.96e-05
2026-01-03 10:43:12 | DEBUG    | E83 S600/1251: loss=0.5931, lr=1.92e-05
2026-01-03 10:43:27 | DEBUG    | E83 S700/1251: loss=0.6694, lr=1.88e-05
2026-01-03 10:43:42 | DEBUG    | E83 S800/1251: loss=0.5949, lr=1.84e-05
2026-01-03 10:43:58 | DEBUG    | E83 S900/1251: loss=0.6146, lr=1.80e-05
2026-01-03 10:44:13 | DEBUG    | E83 S1000/1251: loss=0.7520, lr=1.76e-05
2026-01-03 10:44:28 | DEBUG    | E83 S1100/1251: loss=0.6830, lr=1.72e-05
2026-01-03 10:44:43 | DEBUG    | E83 S1200/1251: loss=0.6419, lr=1.68e-05
2026-01-03 10:45:53 | INFO     | E 83/90: loss=0.6535, train=83.9%, val=74.06%*, 6787 img/s
2026-01-03 10:46:11 | DEBUG    | E84 S100/1251: loss=0.6701, lr=1.63e-05
2026-01-03 10:46:25 | DEBUG    | E84 S200/1251: loss=0.6425, lr=1.59e-05
2026-01-03 10:46:40 | DEBUG    | E84 S300/1251: loss=0.6799, lr=1.55e-05
2026-01-03 10:46:55 | DEBUG    | E84 S400/1251: loss=0.5798, lr=1.52e-05
2026-01-03 10:47:11 | DEBUG    | E84 S500/1251: loss=0.8508, lr=1.48e-05
2026-01-03 10:47:25 | DEBUG    | E84 S600/1251: loss=0.4604, lr=1.45e-05
2026-01-03 10:47:41 | DEBUG    | E84 S700/1251: loss=0.6195, lr=1.41e-05
2026-01-03 10:47:56 | DEBUG    | E84 S800/1251: loss=0.5897, lr=1.38e-05
2026-01-03 10:48:12 | DEBUG    | E84 S900/1251: loss=0.5973, lr=1.34e-05
2026-01-03 10:48:27 | DEBUG    | E84 S1000/1251: loss=0.5903, lr=1.31e-05
2026-01-03 10:48:44 | DEBUG    | E84 S1100/1251: loss=0.5505, lr=1.27e-05
2026-01-03 10:48:59 | DEBUG    | E84 S1200/1251: loss=0.7762, lr=1.24e-05
2026-01-03 10:50:09 | INFO     | E 84/90: loss=0.6506, train=84.2%, val=74.18%*, 6675 img/s
2026-01-03 10:50:26 | DEBUG    | E85 S100/1251: loss=0.6461, lr=1.19e-05
2026-01-03 10:50:40 | DEBUG    | E85 S200/1251: loss=0.6772, lr=1.16e-05
2026-01-03 10:50:55 | DEBUG    | E85 S300/1251: loss=0.6986, lr=1.13e-05
2026-01-03 10:51:10 | DEBUG    | E85 S400/1251: loss=0.8487, lr=1.10e-05
2026-01-03 10:51:25 | DEBUG    | E85 S500/1251: loss=0.7111, lr=1.07e-05
2026-01-03 10:51:40 | DEBUG    | E85 S600/1251: loss=0.4835, lr=1.04e-05
2026-01-03 10:51:55 | DEBUG    | E85 S700/1251: loss=0.6041, lr=1.01e-05
2026-01-03 10:52:10 | DEBUG    | E85 S800/1251: loss=0.5698, lr=9.78e-06
2026-01-03 10:52:25 | DEBUG    | E85 S900/1251: loss=0.6887, lr=9.50e-06
2026-01-03 10:52:40 | DEBUG    | E85 S1000/1251: loss=0.5440, lr=9.21e-06
2026-01-03 10:52:55 | DEBUG    | E85 S1100/1251: loss=0.5152, lr=8.93e-06
2026-01-03 10:53:10 | DEBUG    | E85 S1200/1251: loss=0.5881, lr=8.66e-06
2026-01-03 10:54:20 | INFO     | E 85/90: loss=0.6464, train=84.3%, val=74.16%, 6851 img/s
2026-01-03 10:54:37 | DEBUG    | E86 S100/1251: loss=0.8198, lr=8.25e-06
2026-01-03 10:54:52 | DEBUG    | E86 S200/1251: loss=0.5543, lr=7.98e-06
2026-01-03 10:55:06 | DEBUG    | E86 S300/1251: loss=0.5296, lr=7.72e-06
2026-01-03 10:55:22 | DEBUG    | E86 S400/1251: loss=0.5010, lr=7.46e-06
2026-01-03 10:55:37 | DEBUG    | E86 S500/1251: loss=0.7534, lr=7.21e-06
2026-01-03 10:55:52 | DEBUG    | E86 S600/1251: loss=0.4320, lr=6.96e-06
2026-01-03 10:56:07 | DEBUG    | E86 S700/1251: loss=0.5474, lr=6.72e-06
2026-01-03 10:56:22 | DEBUG    | E86 S800/1251: loss=0.4555, lr=6.48e-06
2026-01-03 10:56:36 | DEBUG    | E86 S900/1251: loss=0.7019, lr=6.25e-06
2026-01-03 10:56:51 | DEBUG    | E86 S1000/1251: loss=0.4946, lr=6.02e-06
2026-01-03 10:57:06 | DEBUG    | E86 S1100/1251: loss=0.8813, lr=5.79e-06
2026-01-03 10:57:20 | DEBUG    | E86 S1200/1251: loss=0.6222, lr=5.57e-06
2026-01-03 10:58:30 | INFO     | E 86/90: loss=0.6453, train=84.2%, val=74.11%, 6859 img/s
2026-01-03 10:58:47 | DEBUG    | E87 S100/1251: loss=0.4508, lr=5.24e-06
2026-01-03 10:59:01 | DEBUG    | E87 S200/1251: loss=0.5254, lr=5.03e-06
2026-01-03 10:59:17 | DEBUG    | E87 S300/1251: loss=0.6504, lr=4.82e-06
2026-01-03 10:59:31 | DEBUG    | E87 S400/1251: loss=0.9358, lr=4.62e-06
2026-01-03 10:59:46 | DEBUG    | E87 S500/1251: loss=0.6367, lr=4.42e-06
2026-01-03 11:00:00 | DEBUG    | E87 S600/1251: loss=0.4699, lr=4.23e-06
2026-01-03 11:00:16 | DEBUG    | E87 S700/1251: loss=0.6956, lr=4.04e-06
2026-01-03 11:00:31 | DEBUG    | E87 S800/1251: loss=0.6540, lr=3.85e-06
2026-01-03 11:00:46 | DEBUG    | E87 S900/1251: loss=0.6530, lr=3.67e-06
2026-01-03 11:01:00 | DEBUG    | E87 S1000/1251: loss=0.5751, lr=3.50e-06
2026-01-03 11:01:16 | DEBUG    | E87 S1100/1251: loss=0.3681, lr=3.32e-06
2026-01-03 11:01:31 | DEBUG    | E87 S1200/1251: loss=0.7133, lr=3.16e-06
2026-01-03 11:02:40 | INFO     | E 87/90: loss=0.6430, train=84.3%, val=74.21%*, 6862 img/s
2026-01-03 11:02:57 | DEBUG    | E88 S100/1251: loss=0.4027, lr=2.91e-06
2026-01-03 11:03:12 | DEBUG    | E88 S200/1251: loss=0.7320, lr=2.75e-06
2026-01-03 11:03:28 | DEBUG    | E88 S300/1251: loss=0.5354, lr=2.60e-06
2026-01-03 11:03:42 | DEBUG    | E88 S400/1251: loss=0.4580, lr=2.45e-06
2026-01-03 11:03:56 | DEBUG    | E88 S500/1251: loss=0.6945, lr=2.31e-06
2026-01-03 11:04:11 | DEBUG    | E88 S600/1251: loss=0.6394, lr=2.17e-06
2026-01-03 11:04:25 | DEBUG    | E88 S700/1251: loss=0.5167, lr=2.03e-06
2026-01-03 11:04:40 | DEBUG    | E88 S800/1251: loss=0.5269, lr=1.90e-06
2026-01-03 11:04:55 | DEBUG    | E88 S900/1251: loss=0.6973, lr=1.78e-06
2026-01-03 11:05:11 | DEBUG    | E88 S1000/1251: loss=0.6679, lr=1.65e-06
2026-01-03 11:05:26 | DEBUG    | E88 S1100/1251: loss=0.6754, lr=1.54e-06
2026-01-03 11:05:41 | DEBUG    | E88 S1200/1251: loss=0.4579, lr=1.42e-06
2026-01-03 11:06:50 | INFO     | E 88/90: loss=0.6408, train=84.3%, val=74.12%, 6900 img/s
2026-01-03 11:07:08 | DEBUG    | E89 S100/1251: loss=0.5570, lr=1.26e-06
2026-01-03 11:07:22 | DEBUG    | E89 S200/1251: loss=0.5157, lr=1.16e-06
2026-01-03 11:07:36 | DEBUG    | E89 S300/1251: loss=0.5512, lr=1.06e-06
2026-01-03 11:07:51 | DEBUG    | E89 S400/1251: loss=0.6867, lr=9.65e-07
2026-01-03 11:08:10 | DEBUG    | E89 S500/1251: loss=0.6260, lr=8.75e-07
2026-01-03 11:08:25 | DEBUG    | E89 S600/1251: loss=0.4128, lr=7.90e-07
2026-01-03 11:08:40 | DEBUG    | E89 S700/1251: loss=0.7484, lr=7.09e-07
2026-01-03 11:08:55 | DEBUG    | E89 S800/1251: loss=0.9176, lr=6.33e-07
2026-01-03 11:09:11 | DEBUG    | E89 S900/1251: loss=0.5819, lr=5.61e-07
2026-01-03 11:09:26 | DEBUG    | E89 S1000/1251: loss=0.6232, lr=4.93e-07
2026-01-03 11:09:41 | DEBUG    | E89 S1100/1251: loss=0.7226, lr=4.29e-07
2026-01-03 11:09:56 | DEBUG    | E89 S1200/1251: loss=0.4936, lr=3.70e-07
2026-01-03 11:11:04 | INFO     | E 89/90: loss=0.6466, train=84.3%, val=74.15%, 6701 img/s
2026-01-03 11:11:21 | DEBUG    | E90 S100/1251: loss=0.5900, lr=2.90e-07
2026-01-03 11:11:36 | DEBUG    | E90 S200/1251: loss=0.7539, lr=2.41e-07
2026-01-03 11:11:51 | DEBUG    | E90 S300/1251: loss=0.6013, lr=1.98e-07
2026-01-03 11:12:06 | DEBUG    | E90 S400/1251: loss=0.6174, lr=1.58e-07
2026-01-03 11:12:20 | DEBUG    | E90 S500/1251: loss=0.4479, lr=1.23e-07
2026-01-03 11:12:36 | DEBUG    | E90 S600/1251: loss=0.7361, lr=9.28e-08
2026-01-03 11:12:50 | DEBUG    | E90 S700/1251: loss=0.6498, lr=6.65e-08
2026-01-03 11:13:06 | DEBUG    | E90 S800/1251: loss=0.8326, lr=4.46e-08
2026-01-03 11:13:21 | DEBUG    | E90 S900/1251: loss=0.4132, lr=2.70e-08
2026-01-03 11:13:36 | DEBUG    | E90 S1000/1251: loss=0.4507, lr=1.39e-08
2026-01-03 11:13:51 | DEBUG    | E90 S1100/1251: loss=0.6825, lr=5.04e-09
2026-01-03 11:14:06 | DEBUG    | E90 S1200/1251: loss=0.5937, lr=5.90e-10
2026-01-03 11:15:15 | INFO     | E 90/90: loss=0.6383, train=84.4%, val=74.20%, 6847 img/s
2026-01-03 11:15:15 | INFO     | Training complete. Best: 74.21%
2026-01-03 11:15:16 | INFO     | ======================================================================
2026-01-03 11:15:16 | INFO     | Model: resnet50 | Optimizer: lion
2026-01-03 11:15:16 | INFO     | Global batch: 1024 | Per-GPU: 128 | Epochs: 90
2026-01-03 11:15:16 | INFO     | LR: 0.0001 | WD: 0.5
2026-01-03 11:15:16 | INFO     | ======================================================================
2026-01-03 11:15:19 | INFO     | Train: 1281167 samples, 1251 steps/epoch
2026-01-03 11:15:19 | INFO     | Val: 50000 samples
2026-01-03 11:15:19 | INFO     | Parameters: 25.6M
2026-01-03 11:15:37 | DEBUG    | E1 S100/1251: loss=7.0276, lr=1.58e-06
2026-01-03 11:15:53 | DEBUG    | E1 S200/1251: loss=6.8965, lr=3.18e-06
2026-01-03 11:16:08 | DEBUG    | E1 S300/1251: loss=6.8628, lr=4.78e-06
2026-01-03 11:16:24 | DEBUG    | E1 S400/1251: loss=6.8357, lr=6.38e-06
2026-01-03 11:16:39 | DEBUG    | E1 S500/1251: loss=6.6929, lr=7.98e-06
2026-01-03 11:16:54 | DEBUG    | E1 S600/1251: loss=6.6433, lr=9.58e-06
2026-01-03 11:17:10 | DEBUG    | E1 S700/1251: loss=6.3535, lr=1.12e-05
2026-01-03 11:17:25 | DEBUG    | E1 S800/1251: loss=6.3004, lr=1.28e-05
2026-01-03 11:17:40 | DEBUG    | E1 S900/1251: loss=6.0894, lr=1.44e-05
2026-01-03 11:17:55 | DEBUG    | E1 S1000/1251: loss=6.0779, lr=1.60e-05
2026-01-03 11:18:11 | DEBUG    | E1 S1100/1251: loss=5.7172, lr=1.76e-05
2026-01-03 11:18:26 | DEBUG    | E1 S1200/1251: loss=5.5181, lr=1.92e-05
2026-01-03 11:19:34 | INFO     | E  1/90: loss=6.4265, train=1.7%, val=6.59%*, 6654 img/s, belief=0.000, align=0.000
2026-01-03 11:19:52 | DEBUG    | E2 S100/1251: loss=5.1953, lr=2.16e-05
2026-01-03 11:20:07 | DEBUG    | E2 S200/1251: loss=5.3015, lr=2.32e-05
2026-01-03 11:20:22 | DEBUG    | E2 S300/1251: loss=5.0230, lr=2.48e-05
2026-01-03 11:20:37 | DEBUG    | E2 S400/1251: loss=5.0633, lr=2.64e-05
2026-01-03 11:20:52 | DEBUG    | E2 S500/1251: loss=4.9508, lr=2.80e-05
2026-01-03 11:21:07 | DEBUG    | E2 S600/1251: loss=4.9646, lr=2.96e-05
2026-01-03 11:21:23 | DEBUG    | E2 S700/1251: loss=4.5352, lr=3.12e-05
2026-01-03 11:21:38 | DEBUG    | E2 S800/1251: loss=4.6473, lr=3.28e-05
2026-01-03 11:21:53 | DEBUG    | E2 S900/1251: loss=4.3617, lr=3.44e-05
2026-01-03 11:22:09 | DEBUG    | E2 S1000/1251: loss=4.3118, lr=3.60e-05
2026-01-03 11:22:25 | DEBUG    | E2 S1100/1251: loss=4.0727, lr=3.76e-05
2026-01-03 11:22:41 | DEBUG    | E2 S1200/1251: loss=4.3845, lr=3.92e-05
2026-01-03 11:23:49 | INFO     | E  2/90: loss=4.7729, train=12.7%, val=22.26%*, 6667 img/s, belief=0.000, align=0.000
2026-01-03 11:24:07 | DEBUG    | E3 S100/1251: loss=4.2035, lr=4.16e-05
2026-01-03 11:24:22 | DEBUG    | E3 S200/1251: loss=3.8082, lr=4.32e-05
2026-01-03 11:24:37 | DEBUG    | E3 S300/1251: loss=3.9928, lr=4.48e-05
2026-01-03 11:24:53 | DEBUG    | E3 S400/1251: loss=3.7449, lr=4.64e-05
2026-01-03 11:25:08 | DEBUG    | E3 S500/1251: loss=3.9777, lr=4.80e-05
2026-01-03 11:25:23 | DEBUG    | E3 S600/1251: loss=4.0552, lr=4.96e-05
2026-01-03 11:25:39 | DEBUG    | E3 S700/1251: loss=3.4957, lr=5.12e-05
2026-01-03 11:25:54 | DEBUG    | E3 S800/1251: loss=4.0122, lr=5.28e-05
2026-01-03 11:26:09 | DEBUG    | E3 S900/1251: loss=3.3964, lr=5.44e-05
2026-01-03 11:26:25 | DEBUG    | E3 S1000/1251: loss=3.3027, lr=5.60e-05
2026-01-03 11:26:40 | DEBUG    | E3 S1100/1251: loss=3.0150, lr=5.76e-05
2026-01-03 11:26:56 | DEBUG    | E3 S1200/1251: loss=3.5932, lr=5.92e-05
2026-01-03 11:28:05 | INFO     | E  3/90: loss=3.7019, train=25.9%, val=34.36%*, 6684 img/s, belief=0.000, align=0.000
2026-01-03 11:28:22 | DEBUG    | E4 S100/1251: loss=3.2062, lr=6.16e-05
2026-01-03 11:28:37 | DEBUG    | E4 S200/1251: loss=3.0685, lr=6.32e-05
2026-01-03 11:28:53 | DEBUG    | E4 S300/1251: loss=3.2378, lr=6.48e-05
2026-01-03 11:29:08 | DEBUG    | E4 S400/1251: loss=3.0927, lr=6.64e-05
2026-01-03 11:29:23 | DEBUG    | E4 S500/1251: loss=3.0937, lr=6.80e-05
2026-01-03 11:29:38 | DEBUG    | E4 S600/1251: loss=3.1217, lr=6.96e-05
2026-01-03 11:29:54 | DEBUG    | E4 S700/1251: loss=2.9581, lr=7.12e-05
2026-01-03 11:30:09 | DEBUG    | E4 S800/1251: loss=2.9448, lr=7.28e-05
2026-01-03 11:30:24 | DEBUG    | E4 S900/1251: loss=2.9764, lr=7.44e-05
2026-01-03 11:30:39 | DEBUG    | E4 S1000/1251: loss=2.7446, lr=7.60e-05
2026-01-03 11:30:55 | DEBUG    | E4 S1100/1251: loss=2.8759, lr=7.76e-05
2026-01-03 11:31:10 | DEBUG    | E4 S1200/1251: loss=2.7354, lr=7.92e-05
2026-01-03 11:32:19 | INFO     | E  4/90: loss=3.0921, train=35.4%, val=42.10%*, 6715 img/s, belief=0.000, align=0.000
2026-01-03 11:32:36 | DEBUG    | E5 S100/1251: loss=3.1238, lr=8.16e-05
2026-01-03 11:32:52 | DEBUG    | E5 S200/1251: loss=3.1376, lr=8.32e-05
2026-01-03 11:33:07 | DEBUG    | E5 S300/1251: loss=2.5627, lr=8.48e-05
2026-01-03 11:33:22 | DEBUG    | E5 S400/1251: loss=2.8290, lr=8.64e-05
2026-01-03 11:33:38 | DEBUG    | E5 S500/1251: loss=2.8944, lr=8.80e-05
2026-01-03 11:33:53 | DEBUG    | E5 S600/1251: loss=2.4249, lr=8.96e-05
2026-01-03 11:34:09 | DEBUG    | E5 S700/1251: loss=2.8651, lr=9.12e-05
2026-01-03 11:34:24 | DEBUG    | E5 S800/1251: loss=2.7912, lr=9.28e-05
2026-01-03 11:34:40 | DEBUG    | E5 S900/1251: loss=2.7364, lr=9.44e-05
2026-01-03 11:34:55 | DEBUG    | E5 S1000/1251: loss=2.5237, lr=9.60e-05
2026-01-03 11:35:11 | DEBUG    | E5 S1100/1251: loss=2.5694, lr=9.76e-05
2026-01-03 11:35:27 | DEBUG    | E5 S1200/1251: loss=3.0299, lr=9.92e-05
2026-01-03 11:36:36 | INFO     | E  5/90: loss=2.7633, train=40.7%, val=45.95%*, 6613 img/s, belief=0.000, align=0.000
2026-01-03 11:36:54 | DEBUG    | E6 S100/1251: loss=2.9929, lr=1.00e-04
2026-01-03 11:37:09 | DEBUG    | E6 S200/1251: loss=2.6758, lr=1.00e-04
2026-01-03 11:37:25 | DEBUG    | E6 S300/1251: loss=2.4805, lr=1.00e-04
2026-01-03 11:37:40 | DEBUG    | E6 S400/1251: loss=2.5473, lr=1.00e-04
2026-01-03 11:37:56 | DEBUG    | E6 S500/1251: loss=2.5504, lr=1.00e-04
2026-01-03 11:38:11 | DEBUG    | E6 S600/1251: loss=2.5140, lr=1.00e-04
2026-01-03 11:38:26 | DEBUG    | E6 S700/1251: loss=2.7457, lr=1.00e-04
2026-01-03 11:38:41 | DEBUG    | E6 S800/1251: loss=2.5980, lr=1.00e-04
2026-01-03 11:38:57 | DEBUG    | E6 S900/1251: loss=2.6214, lr=1.00e-04
2026-01-03 11:39:12 | DEBUG    | E6 S1000/1251: loss=2.3216, lr=1.00e-04
2026-01-03 11:39:28 | DEBUG    | E6 S1100/1251: loss=2.4478, lr=1.00e-04
2026-01-03 11:39:43 | DEBUG    | E6 S1200/1251: loss=2.6821, lr=1.00e-04
2026-01-03 11:40:51 | INFO     | E  6/90: loss=2.5120, train=45.1%, val=51.63%*, 6656 img/s, belief=0.000, align=0.000
2026-01-03 11:41:10 | DEBUG    | E7 S100/1251: loss=2.1189, lr=1.00e-04
2026-01-03 11:41:25 | DEBUG    | E7 S200/1251: loss=2.4113, lr=1.00e-04
2026-01-03 11:41:41 | DEBUG    | E7 S300/1251: loss=2.5908, lr=9.99e-05
2026-01-03 11:41:56 | DEBUG    | E7 S400/1251: loss=2.2155, lr=9.99e-05
2026-01-03 11:42:11 | DEBUG    | E7 S500/1251: loss=2.0358, lr=9.99e-05
2026-01-03 11:42:26 | DEBUG    | E7 S600/1251: loss=2.0727, lr=9.99e-05
2026-01-03 11:42:41 | DEBUG    | E7 S700/1251: loss=2.6677, lr=9.99e-05
2026-01-03 11:42:56 | DEBUG    | E7 S800/1251: loss=1.9074, lr=9.99e-05
2026-01-03 11:43:12 | DEBUG    | E7 S900/1251: loss=1.8988, lr=9.99e-05
2026-01-03 11:43:27 | DEBUG    | E7 S1000/1251: loss=1.9699, lr=9.99e-05
2026-01-03 11:43:42 | DEBUG    | E7 S1100/1251: loss=2.3931, lr=9.99e-05
2026-01-03 11:43:58 | DEBUG    | E7 S1200/1251: loss=2.5202, lr=9.99e-05
2026-01-03 11:45:06 | INFO     | E  7/90: loss=2.3055, train=48.8%, val=53.95%*, 6691 img/s, belief=0.000, align=0.000
2026-01-03 11:45:24 | DEBUG    | E8 S100/1251: loss=2.0945, lr=9.99e-05
2026-01-03 11:45:39 | DEBUG    | E8 S200/1251: loss=2.0799, lr=9.98e-05
2026-01-03 11:45:54 | DEBUG    | E8 S300/1251: loss=2.1960, lr=9.98e-05
2026-01-03 11:46:10 | DEBUG    | E8 S400/1251: loss=2.2831, lr=9.98e-05
2026-01-03 11:46:25 | DEBUG    | E8 S500/1251: loss=2.1159, lr=9.98e-05
2026-01-03 11:46:41 | DEBUG    | E8 S600/1251: loss=1.8922, lr=9.98e-05
2026-01-03 11:46:56 | DEBUG    | E8 S700/1251: loss=2.4422, lr=9.98e-05
2026-01-03 11:47:11 | DEBUG    | E8 S800/1251: loss=2.0527, lr=9.98e-05
2026-01-03 11:47:27 | DEBUG    | E8 S900/1251: loss=2.3923, lr=9.97e-05
2026-01-03 11:47:42 | DEBUG    | E8 S1000/1251: loss=2.2387, lr=9.97e-05
2026-01-03 11:47:57 | DEBUG    | E8 S1100/1251: loss=2.1584, lr=9.97e-05
2026-01-03 11:48:13 | DEBUG    | E8 S1200/1251: loss=1.9244, lr=9.97e-05
2026-01-03 11:49:21 | INFO     | E  8/90: loss=2.1643, train=51.5%, val=56.33%*, 6681 img/s, belief=0.000, align=0.000
2026-01-03 11:49:39 | DEBUG    | E9 S100/1251: loss=2.1939, lr=9.97e-05
2026-01-03 11:49:54 | DEBUG    | E9 S200/1251: loss=1.9497, lr=9.97e-05
2026-01-03 11:50:10 | DEBUG    | E9 S300/1251: loss=2.0466, lr=9.96e-05
2026-01-03 11:50:25 | DEBUG    | E9 S400/1251: loss=1.8182, lr=9.96e-05
2026-01-03 11:50:40 | DEBUG    | E9 S500/1251: loss=2.4641, lr=9.96e-05
2026-01-03 11:50:55 | DEBUG    | E9 S600/1251: loss=2.1060, lr=9.96e-05
2026-01-03 11:51:11 | DEBUG    | E9 S700/1251: loss=2.1409, lr=9.96e-05
2026-01-03 11:51:26 | DEBUG    | E9 S800/1251: loss=2.4036, lr=9.95e-05
2026-01-03 11:51:42 | DEBUG    | E9 S900/1251: loss=2.2805, lr=9.95e-05
2026-01-03 11:51:57 | DEBUG    | E9 S1000/1251: loss=2.0233, lr=9.95e-05
2026-01-03 11:52:12 | DEBUG    | E9 S1100/1251: loss=2.1161, lr=9.95e-05
2026-01-03 11:52:27 | DEBUG    | E9 S1200/1251: loss=1.9137, lr=9.95e-05
2026-01-03 11:53:39 | INFO     | E  9/90: loss=2.0449, train=53.7%, val=59.45%*, 6663 img/s, belief=0.000, align=0.000
2026-01-03 11:53:58 | DEBUG    | E10 S100/1251: loss=2.3345, lr=9.94e-05
2026-01-03 11:54:13 | DEBUG    | E10 S200/1251: loss=2.3578, lr=9.94e-05
2026-01-03 11:54:29 | DEBUG    | E10 S300/1251: loss=2.1838, lr=9.94e-05
2026-01-03 11:54:45 | DEBUG    | E10 S400/1251: loss=2.1700, lr=9.94e-05
2026-01-03 11:55:00 | DEBUG    | E10 S500/1251: loss=1.9564, lr=9.93e-05
2026-01-03 11:55:16 | DEBUG    | E10 S600/1251: loss=1.9417, lr=9.93e-05
2026-01-03 11:55:32 | DEBUG    | E10 S700/1251: loss=2.1151, lr=9.93e-05
2026-01-03 11:55:47 | DEBUG    | E10 S800/1251: loss=1.9026, lr=9.93e-05
2026-01-03 11:56:02 | DEBUG    | E10 S900/1251: loss=2.1175, lr=9.92e-05
2026-01-03 11:56:18 | DEBUG    | E10 S1000/1251: loss=1.8288, lr=9.92e-05
2026-01-03 11:56:34 | DEBUG    | E10 S1100/1251: loss=1.9841, lr=9.92e-05
2026-01-03 11:56:50 | DEBUG    | E10 S1200/1251: loss=1.7017, lr=9.92e-05
2026-01-03 11:57:58 | INFO     | E 10/90: loss=1.9640, train=55.4%, val=60.05%*, 6525 img/s, belief=0.000, align=0.000
2026-01-03 11:58:17 | DEBUG    | E11 S100/1251: loss=1.8792, lr=9.91e-05
2026-01-03 11:58:32 | DEBUG    | E11 S200/1251: loss=1.6908, lr=9.91e-05
2026-01-03 11:58:47 | DEBUG    | E11 S300/1251: loss=1.5781, lr=9.91e-05
2026-01-03 11:59:02 | DEBUG    | E11 S400/1251: loss=2.0373, lr=9.90e-05
2026-01-03 11:59:18 | DEBUG    | E11 S500/1251: loss=1.7873, lr=9.90e-05
2026-01-03 11:59:33 | DEBUG    | E11 S600/1251: loss=2.1020, lr=9.90e-05
2026-01-03 11:59:48 | DEBUG    | E11 S700/1251: loss=1.8039, lr=9.89e-05
2026-01-03 12:00:03 | DEBUG    | E11 S800/1251: loss=1.8929, lr=9.89e-05
2026-01-03 12:00:18 | DEBUG    | E11 S900/1251: loss=1.6382, lr=9.89e-05
2026-01-03 12:00:34 | DEBUG    | E11 S1000/1251: loss=2.2160, lr=9.89e-05
2026-01-03 12:00:49 | DEBUG    | E11 S1100/1251: loss=2.0506, lr=9.88e-05
2026-01-03 12:01:04 | DEBUG    | E11 S1200/1251: loss=1.9834, lr=9.88e-05
2026-01-03 12:02:13 | INFO     | E 11/90: loss=1.8774, train=57.0%, val=61.15%*, 6674 img/s, belief=0.000, align=0.000
2026-01-03 12:02:30 | DEBUG    | E12 S100/1251: loss=1.9114, lr=9.87e-05
2026-01-03 12:02:46 | DEBUG    | E12 S200/1251: loss=1.9052, lr=9.87e-05
2026-01-03 12:03:01 | DEBUG    | E12 S300/1251: loss=1.7415, lr=9.87e-05
2026-01-03 12:03:16 | DEBUG    | E12 S400/1251: loss=1.9646, lr=9.86e-05
2026-01-03 12:03:32 | DEBUG    | E12 S500/1251: loss=1.7851, lr=9.86e-05
2026-01-03 12:03:48 | DEBUG    | E12 S600/1251: loss=1.7503, lr=9.86e-05
2026-01-03 12:04:03 | DEBUG    | E12 S700/1251: loss=1.8839, lr=9.85e-05
2026-01-03 12:04:18 | DEBUG    | E12 S800/1251: loss=2.1634, lr=9.85e-05
2026-01-03 12:04:34 | DEBUG    | E12 S900/1251: loss=2.0481, lr=9.85e-05
2026-01-03 12:04:50 | DEBUG    | E12 S1000/1251: loss=1.7921, lr=9.84e-05
2026-01-03 12:05:06 | DEBUG    | E12 S1100/1251: loss=1.7830, lr=9.84e-05
2026-01-03 12:05:22 | DEBUG    | E12 S1200/1251: loss=1.5807, lr=9.84e-05
2026-01-03 12:06:30 | INFO     | E 12/90: loss=1.8228, train=58.2%, val=61.30%*, 6571 img/s, belief=0.000, align=0.000
2026-01-03 12:06:48 | DEBUG    | E13 S100/1251: loss=2.0137, lr=9.83e-05
2026-01-03 12:07:04 | DEBUG    | E13 S200/1251: loss=1.6364, lr=9.83e-05
2026-01-03 12:07:19 | DEBUG    | E13 S300/1251: loss=1.9986, lr=9.82e-05
2026-01-03 12:07:35 | DEBUG    | E13 S400/1251: loss=1.8242, lr=9.82e-05
2026-01-03 12:07:50 | DEBUG    | E13 S500/1251: loss=2.0206, lr=9.81e-05
2026-01-03 12:08:05 | DEBUG    | E13 S600/1251: loss=1.7386, lr=9.81e-05
2026-01-03 12:08:20 | DEBUG    | E13 S700/1251: loss=2.1772, lr=9.81e-05
2026-01-03 12:08:36 | DEBUG    | E13 S800/1251: loss=1.7978, lr=9.80e-05
2026-01-03 12:08:51 | DEBUG    | E13 S900/1251: loss=1.8637, lr=9.80e-05
2026-01-03 12:09:06 | DEBUG    | E13 S1000/1251: loss=1.5396, lr=9.79e-05
2026-01-03 12:09:21 | DEBUG    | E13 S1100/1251: loss=2.0345, lr=9.79e-05
2026-01-03 12:09:37 | DEBUG    | E13 S1200/1251: loss=1.8874, lr=9.79e-05
2026-01-03 12:10:45 | INFO     | E 13/90: loss=1.7700, train=59.2%, val=63.38%*, 6664 img/s, belief=0.000, align=0.000
2026-01-03 12:11:03 | DEBUG    | E14 S100/1251: loss=1.8113, lr=9.78e-05
2026-01-03 12:11:18 | DEBUG    | E14 S200/1251: loss=1.9303, lr=9.77e-05
2026-01-03 12:11:34 | DEBUG    | E14 S300/1251: loss=1.5571, lr=9.77e-05
2026-01-03 12:11:49 | DEBUG    | E14 S400/1251: loss=1.5400, lr=9.77e-05
2026-01-03 12:12:05 | DEBUG    | E14 S500/1251: loss=1.6788, lr=9.76e-05
2026-01-03 12:12:20 | DEBUG    | E14 S600/1251: loss=1.9291, lr=9.76e-05
2026-01-03 12:12:36 | DEBUG    | E14 S700/1251: loss=1.4444, lr=9.75e-05
2026-01-03 12:12:52 | DEBUG    | E14 S800/1251: loss=1.4051, lr=9.75e-05
2026-01-03 12:13:07 | DEBUG    | E14 S900/1251: loss=1.6193, lr=9.74e-05
2026-01-03 12:13:22 | DEBUG    | E14 S1000/1251: loss=1.4374, lr=9.74e-05
2026-01-03 12:13:38 | DEBUG    | E14 S1100/1251: loss=1.7301, lr=9.73e-05
2026-01-03 12:13:53 | DEBUG    | E14 S1200/1251: loss=1.7834, lr=9.73e-05
2026-01-03 12:15:01 | INFO     | E 14/90: loss=1.7239, train=60.0%, val=63.63%*, 6631 img/s, belief=0.000, align=0.000
2026-01-03 12:15:19 | DEBUG    | E15 S100/1251: loss=1.8806, lr=9.72e-05
2026-01-03 12:15:34 | DEBUG    | E15 S200/1251: loss=1.6916, lr=9.72e-05
2026-01-03 12:15:50 | DEBUG    | E15 S300/1251: loss=1.7682, lr=9.71e-05
2026-01-03 12:16:05 | DEBUG    | E15 S400/1251: loss=1.7957, lr=9.71e-05
2026-01-03 12:16:20 | DEBUG    | E15 S500/1251: loss=1.8371, lr=9.70e-05
2026-01-03 12:16:36 | DEBUG    | E15 S600/1251: loss=2.1625, lr=9.70e-05
2026-01-03 12:16:51 | DEBUG    | E15 S700/1251: loss=1.8116, lr=9.69e-05
2026-01-03 12:17:06 | DEBUG    | E15 S800/1251: loss=1.4412, lr=9.69e-05
2026-01-03 12:17:21 | DEBUG    | E15 S900/1251: loss=1.6899, lr=9.68e-05
2026-01-03 12:17:36 | DEBUG    | E15 S1000/1251: loss=1.6456, lr=9.68e-05
2026-01-03 12:17:52 | DEBUG    | E15 S1100/1251: loss=1.4122, lr=9.67e-05
2026-01-03 12:18:07 | DEBUG    | E15 S1200/1251: loss=1.9571, lr=9.67e-05
2026-01-03 12:19:15 | INFO     | E 15/90: loss=1.6794, train=60.9%, val=64.49%*, 6703 img/s, belief=0.000, align=0.000
2026-01-03 12:19:32 | DEBUG    | E16 S100/1251: loss=1.9758, lr=9.66e-05
2026-01-03 12:19:48 | DEBUG    | E16 S200/1251: loss=1.4572, lr=9.65e-05
2026-01-03 12:20:04 | DEBUG    | E16 S300/1251: loss=1.4752, lr=9.65e-05
2026-01-03 12:20:19 | DEBUG    | E16 S400/1251: loss=1.8499, lr=9.64e-05
2026-01-03 12:20:34 | DEBUG    | E16 S500/1251: loss=1.8311, lr=9.64e-05
2026-01-03 12:20:49 | DEBUG    | E16 S600/1251: loss=1.4597, lr=9.63e-05
2026-01-03 12:21:05 | DEBUG    | E16 S700/1251: loss=1.8480, lr=9.62e-05
2026-01-03 12:21:20 | DEBUG    | E16 S800/1251: loss=1.7836, lr=9.62e-05
2026-01-03 12:21:35 | DEBUG    | E16 S900/1251: loss=1.4393, lr=9.61e-05
2026-01-03 12:21:51 | DEBUG    | E16 S1000/1251: loss=1.7618, lr=9.61e-05
2026-01-03 12:22:06 | DEBUG    | E16 S1100/1251: loss=1.7070, lr=9.60e-05
2026-01-03 12:22:21 | DEBUG    | E16 S1200/1251: loss=1.6268, lr=9.60e-05
2026-01-03 12:23:30 | INFO     | E 16/90: loss=1.6378, train=61.7%, val=64.71%*, 6674 img/s, belief=0.000, align=0.000
2026-01-03 12:23:47 | DEBUG    | E17 S100/1251: loss=1.7781, lr=9.59e-05
2026-01-03 12:24:02 | DEBUG    | E17 S200/1251: loss=1.6033, lr=9.58e-05
2026-01-03 12:24:21 | DEBUG    | E17 S300/1251: loss=1.8419, lr=9.57e-05
2026-01-03 12:24:36 | DEBUG    | E17 S400/1251: loss=1.4983, lr=9.57e-05
2026-01-03 12:24:52 | DEBUG    | E17 S500/1251: loss=1.2820, lr=9.56e-05
2026-01-03 12:25:07 | DEBUG    | E17 S600/1251: loss=1.6131, lr=9.56e-05
2026-01-03 12:25:23 | DEBUG    | E17 S700/1251: loss=1.6207, lr=9.55e-05
2026-01-03 12:25:38 | DEBUG    | E17 S800/1251: loss=1.7007, lr=9.54e-05
2026-01-03 12:25:53 | DEBUG    | E17 S900/1251: loss=1.5365, lr=9.54e-05
2026-01-03 12:26:09 | DEBUG    | E17 S1000/1251: loss=1.5786, lr=9.53e-05
2026-01-03 12:26:24 | DEBUG    | E17 S1100/1251: loss=1.8245, lr=9.53e-05
2026-01-03 12:26:39 | DEBUG    | E17 S1200/1251: loss=1.6518, lr=9.52e-05
2026-01-03 12:27:48 | INFO     | E 17/90: loss=1.6057, train=62.2%, val=65.48%*, 6572 img/s, belief=0.000, align=0.000
2026-01-03 12:28:06 | DEBUG    | E18 S100/1251: loss=1.7382, lr=9.51e-05
2026-01-03 12:28:21 | DEBUG    | E18 S200/1251: loss=1.2799, lr=9.50e-05
2026-01-03 12:28:36 | DEBUG    | E18 S300/1251: loss=1.8382, lr=9.50e-05
2026-01-03 12:28:51 | DEBUG    | E18 S400/1251: loss=1.3301, lr=9.49e-05
2026-01-03 12:29:07 | DEBUG    | E18 S500/1251: loss=1.4874, lr=9.48e-05
2026-01-03 12:29:22 | DEBUG    | E18 S600/1251: loss=1.6005, lr=9.48e-05
2026-01-03 12:29:37 | DEBUG    | E18 S700/1251: loss=1.6662, lr=9.47e-05
2026-01-03 12:29:52 | DEBUG    | E18 S800/1251: loss=1.5427, lr=9.46e-05
2026-01-03 12:30:08 | DEBUG    | E18 S900/1251: loss=1.3661, lr=9.46e-05
2026-01-03 12:30:23 | DEBUG    | E18 S1000/1251: loss=1.9831, lr=9.45e-05
2026-01-03 12:30:38 | DEBUG    | E18 S1100/1251: loss=1.7012, lr=9.44e-05
2026-01-03 12:30:54 | DEBUG    | E18 S1200/1251: loss=1.6479, lr=9.44e-05
2026-01-03 12:32:01 | INFO     | E 18/90: loss=1.5707, train=62.8%, val=65.81%*, 6709 img/s, belief=0.000, align=0.000
2026-01-03 12:32:19 | DEBUG    | E19 S100/1251: loss=1.4891, lr=9.43e-05
2026-01-03 12:32:34 | DEBUG    | E19 S200/1251: loss=1.8212, lr=9.42e-05
2026-01-03 12:32:50 | DEBUG    | E19 S300/1251: loss=1.4198, lr=9.41e-05
2026-01-03 12:33:05 | DEBUG    | E19 S400/1251: loss=1.7762, lr=9.41e-05
2026-01-03 12:33:20 | DEBUG    | E19 S500/1251: loss=1.3337, lr=9.40e-05
2026-01-03 12:33:35 | DEBUG    | E19 S600/1251: loss=1.5747, lr=9.39e-05
2026-01-03 12:33:51 | DEBUG    | E19 S700/1251: loss=1.4946, lr=9.39e-05
2026-01-03 12:34:06 | DEBUG    | E19 S800/1251: loss=1.7839, lr=9.38e-05
2026-01-03 12:34:21 | DEBUG    | E19 S900/1251: loss=1.8621, lr=9.37e-05
2026-01-03 12:34:37 | DEBUG    | E19 S1000/1251: loss=1.3600, lr=9.36e-05
2026-01-03 12:34:53 | DEBUG    | E19 S1100/1251: loss=1.5644, lr=9.36e-05
2026-01-03 12:35:09 | DEBUG    | E19 S1200/1251: loss=1.7711, lr=9.35e-05
2026-01-03 12:36:17 | INFO     | E 19/90: loss=1.5577, train=63.3%, val=65.67%, 6609 img/s, belief=0.000, align=0.000
2026-01-03 12:36:35 | DEBUG    | E20 S100/1251: loss=1.5918, lr=9.34e-05
2026-01-03 12:36:51 | DEBUG    | E20 S200/1251: loss=1.4423, lr=9.33e-05
2026-01-03 12:37:06 | DEBUG    | E20 S300/1251: loss=1.2814, lr=9.32e-05
2026-01-03 12:37:22 | DEBUG    | E20 S400/1251: loss=1.4280, lr=9.32e-05
2026-01-03 12:37:37 | DEBUG    | E20 S500/1251: loss=1.4483, lr=9.31e-05
2026-01-03 12:37:52 | DEBUG    | E20 S600/1251: loss=1.3950, lr=9.30e-05
2026-01-03 12:38:07 | DEBUG    | E20 S700/1251: loss=1.5502, lr=9.29e-05
2026-01-03 12:38:23 | DEBUG    | E20 S800/1251: loss=1.1400, lr=9.29e-05
2026-01-03 12:38:38 | DEBUG    | E20 S900/1251: loss=1.5824, lr=9.28e-05
2026-01-03 12:38:53 | DEBUG    | E20 S1000/1251: loss=1.2042, lr=9.27e-05
2026-01-03 12:39:09 | DEBUG    | E20 S1100/1251: loss=1.6605, lr=9.26e-05
2026-01-03 12:39:24 | DEBUG    | E20 S1200/1251: loss=1.8115, lr=9.26e-05
2026-01-03 12:40:33 | INFO     | E 20/90: loss=1.5174, train=64.1%, val=65.75%, 6649 img/s, belief=0.000, align=0.000
2026-01-03 12:40:50 | DEBUG    | E21 S100/1251: loss=1.3916, lr=9.24e-05
2026-01-03 12:41:05 | DEBUG    | E21 S200/1251: loss=1.2853, lr=9.24e-05
2026-01-03 12:41:20 | DEBUG    | E21 S300/1251: loss=1.5399, lr=9.23e-05
2026-01-03 12:41:36 | DEBUG    | E21 S400/1251: loss=1.5779, lr=9.22e-05
2026-01-03 12:41:51 | DEBUG    | E21 S500/1251: loss=1.3389, lr=9.21e-05
2026-01-03 12:42:06 | DEBUG    | E21 S600/1251: loss=1.4667, lr=9.20e-05
2026-01-03 12:42:21 | DEBUG    | E21 S700/1251: loss=1.3967, lr=9.20e-05
2026-01-03 12:42:37 | DEBUG    | E21 S800/1251: loss=1.7304, lr=9.19e-05
2026-01-03 12:42:52 | DEBUG    | E21 S900/1251: loss=1.4885, lr=9.18e-05
2026-01-03 12:43:07 | DEBUG    | E21 S1000/1251: loss=1.6623, lr=9.17e-05
2026-01-03 12:43:22 | DEBUG    | E21 S1100/1251: loss=1.7938, lr=9.16e-05
2026-01-03 12:43:38 | DEBUG    | E21 S1200/1251: loss=1.6016, lr=9.16e-05
2026-01-03 12:44:46 | INFO     | E 21/90: loss=1.4980, train=64.6%, val=66.18%*, 6734 img/s, belief=0.000, align=0.000
2026-01-03 12:45:03 | DEBUG    | E22 S100/1251: loss=1.4533, lr=9.14e-05
2026-01-03 12:45:18 | DEBUG    | E22 S200/1251: loss=1.6049, lr=9.13e-05
2026-01-03 12:45:34 | DEBUG    | E22 S300/1251: loss=1.3894, lr=9.13e-05
2026-01-03 12:45:49 | DEBUG    | E22 S400/1251: loss=1.3818, lr=9.12e-05
2026-01-03 12:46:05 | DEBUG    | E22 S500/1251: loss=1.7080, lr=9.11e-05
2026-01-03 12:46:20 | DEBUG    | E22 S600/1251: loss=1.5399, lr=9.10e-05
2026-01-03 12:46:35 | DEBUG    | E22 S700/1251: loss=1.6167, lr=9.09e-05
2026-01-03 12:46:50 | DEBUG    | E22 S800/1251: loss=1.4289, lr=9.08e-05
2026-01-03 12:47:05 | DEBUG    | E22 S900/1251: loss=1.4337, lr=9.08e-05
2026-01-03 12:47:20 | DEBUG    | E22 S1000/1251: loss=1.6158, lr=9.07e-05
2026-01-03 12:47:35 | DEBUG    | E22 S1100/1251: loss=1.7444, lr=9.06e-05
2026-01-03 12:47:51 | DEBUG    | E22 S1200/1251: loss=1.7752, lr=9.05e-05
2026-01-03 12:48:59 | INFO     | E 22/90: loss=1.4924, train=64.5%, val=66.49%*, 6747 img/s, belief=0.000, align=0.000
2026-01-03 12:49:17 | DEBUG    | E23 S100/1251: loss=1.5222, lr=9.04e-05
2026-01-03 12:49:31 | DEBUG    | E23 S200/1251: loss=1.4112, lr=9.03e-05
2026-01-03 12:49:47 | DEBUG    | E23 S300/1251: loss=1.5238, lr=9.02e-05
2026-01-03 12:50:02 | DEBUG    | E23 S400/1251: loss=1.4617, lr=9.01e-05
2026-01-03 12:50:17 | DEBUG    | E23 S500/1251: loss=1.5031, lr=9.00e-05
2026-01-03 12:50:33 | DEBUG    | E23 S600/1251: loss=1.6653, lr=8.99e-05
2026-01-03 12:50:48 | DEBUG    | E23 S700/1251: loss=1.5997, lr=8.98e-05
2026-01-03 12:51:03 | DEBUG    | E23 S800/1251: loss=1.5454, lr=8.97e-05
2026-01-03 12:51:18 | DEBUG    | E23 S900/1251: loss=1.7891, lr=8.97e-05
2026-01-03 12:51:34 | DEBUG    | E23 S1000/1251: loss=1.2878, lr=8.96e-05
2026-01-03 12:51:49 | DEBUG    | E23 S1100/1251: loss=1.0537, lr=8.95e-05
2026-01-03 12:52:04 | DEBUG    | E23 S1200/1251: loss=1.3165, lr=8.94e-05
2026-01-03 12:53:12 | INFO     | E 23/90: loss=1.4570, train=65.2%, val=66.85%*, 6722 img/s, belief=0.000, align=0.000
2026-01-03 12:53:29 | DEBUG    | E24 S100/1251: loss=1.7305, lr=8.92e-05
2026-01-03 12:53:45 | DEBUG    | E24 S200/1251: loss=1.5840, lr=8.92e-05
2026-01-03 12:54:00 | DEBUG    | E24 S300/1251: loss=1.4378, lr=8.91e-05
2026-01-03 12:54:15 | DEBUG    | E24 S400/1251: loss=1.3915, lr=8.90e-05
2026-01-03 12:54:33 | DEBUG    | E24 S500/1251: loss=1.2204, lr=8.89e-05
2026-01-03 12:54:49 | DEBUG    | E24 S600/1251: loss=1.3665, lr=8.88e-05
2026-01-03 12:55:04 | DEBUG    | E24 S700/1251: loss=1.4066, lr=8.87e-05
2026-01-03 12:55:20 | DEBUG    | E24 S800/1251: loss=1.3375, lr=8.86e-05
2026-01-03 12:55:35 | DEBUG    | E24 S900/1251: loss=1.4600, lr=8.85e-05
2026-01-03 12:55:51 | DEBUG    | E24 S1000/1251: loss=1.5463, lr=8.84e-05
2026-01-03 12:56:06 | DEBUG    | E24 S1100/1251: loss=1.2853, lr=8.83e-05
2026-01-03 12:56:21 | DEBUG    | E24 S1200/1251: loss=1.6375, lr=8.82e-05
2026-01-03 12:57:29 | INFO     | E 24/90: loss=1.4493, train=65.4%, val=67.26%*, 6602 img/s, belief=0.000, align=0.000
2026-01-03 12:57:47 | DEBUG    | E25 S100/1251: loss=1.5901, lr=8.81e-05
2026-01-03 12:58:02 | DEBUG    | E25 S200/1251: loss=1.6706, lr=8.80e-05
2026-01-03 12:58:17 | DEBUG    | E25 S300/1251: loss=1.6440, lr=8.79e-05
2026-01-03 12:58:32 | DEBUG    | E25 S400/1251: loss=1.8019, lr=8.78e-05
2026-01-03 12:58:47 | DEBUG    | E25 S500/1251: loss=1.2590, lr=8.77e-05
2026-01-03 12:59:02 | DEBUG    | E25 S600/1251: loss=1.4215, lr=8.76e-05
2026-01-03 12:59:17 | DEBUG    | E25 S700/1251: loss=1.1855, lr=8.75e-05
2026-01-03 12:59:33 | DEBUG    | E25 S800/1251: loss=1.6769, lr=8.74e-05
2026-01-03 12:59:48 | DEBUG    | E25 S900/1251: loss=1.6466, lr=8.73e-05
2026-01-03 13:00:03 | DEBUG    | E25 S1000/1251: loss=1.4281, lr=8.72e-05
2026-01-03 13:00:18 | DEBUG    | E25 S1100/1251: loss=1.4460, lr=8.71e-05
2026-01-03 13:00:34 | DEBUG    | E25 S1200/1251: loss=1.4065, lr=8.70e-05
2026-01-03 13:01:43 | INFO     | E 25/90: loss=1.4243, train=66.0%, val=67.25%, 6722 img/s, belief=0.000, align=0.000
2026-01-03 13:02:00 | DEBUG    | E26 S100/1251: loss=1.3122, lr=8.69e-05
2026-01-03 13:02:15 | DEBUG    | E26 S200/1251: loss=1.2651, lr=8.68e-05
2026-01-03 13:02:31 | DEBUG    | E26 S300/1251: loss=1.2694, lr=8.67e-05
2026-01-03 13:02:46 | DEBUG    | E26 S400/1251: loss=1.5756, lr=8.66e-05
2026-01-03 13:03:02 | DEBUG    | E26 S500/1251: loss=1.3543, lr=8.64e-05
2026-01-03 13:03:17 | DEBUG    | E26 S600/1251: loss=1.4806, lr=8.63e-05
2026-01-03 13:03:31 | DEBUG    | E26 S700/1251: loss=1.4903, lr=8.62e-05
2026-01-03 13:03:47 | DEBUG    | E26 S800/1251: loss=1.4553, lr=8.61e-05
2026-01-03 13:04:03 | DEBUG    | E26 S900/1251: loss=1.3495, lr=8.60e-05
2026-01-03 13:04:18 | DEBUG    | E26 S1000/1251: loss=1.2293, lr=8.59e-05
2026-01-03 13:04:33 | DEBUG    | E26 S1100/1251: loss=1.3742, lr=8.58e-05
2026-01-03 13:04:49 | DEBUG    | E26 S1200/1251: loss=1.4354, lr=8.57e-05
2026-01-03 13:05:57 | INFO     | E 26/90: loss=1.4102, train=66.4%, val=67.33%*, 6655 img/s, belief=0.000, align=0.000
2026-01-03 13:06:15 | DEBUG    | E27 S100/1251: loss=0.9625, lr=8.56e-05
2026-01-03 13:06:30 | DEBUG    | E27 S200/1251: loss=1.5132, lr=8.55e-05
2026-01-03 13:06:46 | DEBUG    | E27 S300/1251: loss=1.3805, lr=8.54e-05
2026-01-03 13:07:00 | DEBUG    | E27 S400/1251: loss=1.5536, lr=8.53e-05
2026-01-03 13:07:16 | DEBUG    | E27 S500/1251: loss=1.4567, lr=8.52e-05
2026-01-03 13:07:31 | DEBUG    | E27 S600/1251: loss=1.4566, lr=8.51e-05
2026-01-03 13:07:47 | DEBUG    | E27 S700/1251: loss=1.4758, lr=8.49e-05
2026-01-03 13:08:02 | DEBUG    | E27 S800/1251: loss=1.2760, lr=8.48e-05
2026-01-03 13:08:17 | DEBUG    | E27 S900/1251: loss=1.3824, lr=8.47e-05
2026-01-03 13:08:33 | DEBUG    | E27 S1000/1251: loss=1.3257, lr=8.46e-05
2026-01-03 13:08:49 | DEBUG    | E27 S1100/1251: loss=1.5756, lr=8.45e-05
2026-01-03 13:09:04 | DEBUG    | E27 S1200/1251: loss=1.3753, lr=8.44e-05
2026-01-03 13:10:12 | INFO     | E 27/90: loss=1.3877, train=66.7%, val=67.61%*, 6667 img/s, belief=0.000, align=0.000
2026-01-03 13:10:29 | DEBUG    | E28 S100/1251: loss=1.3554, lr=8.43e-05
2026-01-03 13:10:44 | DEBUG    | E28 S200/1251: loss=1.4224, lr=8.41e-05
2026-01-03 13:10:59 | DEBUG    | E28 S300/1251: loss=1.5067, lr=8.40e-05
2026-01-03 13:11:14 | DEBUG    | E28 S400/1251: loss=1.0351, lr=8.39e-05
2026-01-03 13:11:29 | DEBUG    | E28 S500/1251: loss=1.2499, lr=8.38e-05
2026-01-03 13:11:45 | DEBUG    | E28 S600/1251: loss=1.5524, lr=8.37e-05
2026-01-03 13:12:00 | DEBUG    | E28 S700/1251: loss=1.0539, lr=8.36e-05
2026-01-03 13:12:16 | DEBUG    | E28 S800/1251: loss=1.5286, lr=8.35e-05
2026-01-03 13:12:31 | DEBUG    | E28 S900/1251: loss=1.4780, lr=8.34e-05
2026-01-03 13:12:47 | DEBUG    | E28 S1000/1251: loss=1.5284, lr=8.33e-05
2026-01-03 13:13:02 | DEBUG    | E28 S1100/1251: loss=1.3520, lr=8.32e-05
2026-01-03 13:13:17 | DEBUG    | E28 S1200/1251: loss=1.4621, lr=8.31e-05
2026-01-03 13:14:25 | INFO     | E 28/90: loss=1.3744, train=67.1%, val=67.89%*, 6738 img/s, belief=0.000, align=0.000
2026-01-03 13:14:43 | DEBUG    | E29 S100/1251: loss=1.1442, lr=8.29e-05
2026-01-03 13:14:58 | DEBUG    | E29 S200/1251: loss=1.3560, lr=8.28e-05
2026-01-03 13:15:14 | DEBUG    | E29 S300/1251: loss=1.0042, lr=8.27e-05
2026-01-03 13:15:28 | DEBUG    | E29 S400/1251: loss=1.1763, lr=8.26e-05
2026-01-03 13:15:44 | DEBUG    | E29 S500/1251: loss=1.5442, lr=8.24e-05
2026-01-03 13:15:59 | DEBUG    | E29 S600/1251: loss=1.4372, lr=8.23e-05
2026-01-03 13:16:14 | DEBUG    | E29 S700/1251: loss=1.4335, lr=8.22e-05
2026-01-03 13:16:30 | DEBUG    | E29 S800/1251: loss=1.1760, lr=8.21e-05
2026-01-03 13:16:45 | DEBUG    | E29 S900/1251: loss=1.3244, lr=8.20e-05
2026-01-03 13:17:01 | DEBUG    | E29 S1000/1251: loss=1.0845, lr=8.19e-05
2026-01-03 13:17:16 | DEBUG    | E29 S1100/1251: loss=1.4250, lr=8.18e-05
2026-01-03 13:17:31 | DEBUG    | E29 S1200/1251: loss=1.3863, lr=8.16e-05
2026-01-03 13:18:39 | INFO     | E 29/90: loss=1.3667, train=67.1%, val=68.23%*, 6706 img/s, belief=0.000, align=0.000
2026-01-03 13:18:56 | DEBUG    | E30 S100/1251: loss=1.1601, lr=8.15e-05
2026-01-03 13:19:12 | DEBUG    | E30 S200/1251: loss=1.3629, lr=8.14e-05
2026-01-03 13:19:28 | DEBUG    | E30 S300/1251: loss=1.2014, lr=8.12e-05
2026-01-03 13:19:43 | DEBUG    | E30 S400/1251: loss=1.3568, lr=8.11e-05
2026-01-03 13:19:58 | DEBUG    | E30 S500/1251: loss=1.1526, lr=8.10e-05
2026-01-03 13:20:13 | DEBUG    | E30 S600/1251: loss=1.5237, lr=8.09e-05
2026-01-03 13:20:28 | DEBUG    | E30 S700/1251: loss=1.0590, lr=8.08e-05
2026-01-03 13:20:43 | DEBUG    | E30 S800/1251: loss=1.3062, lr=8.07e-05
2026-01-03 13:20:58 | DEBUG    | E30 S900/1251: loss=1.1862, lr=8.05e-05
2026-01-03 13:21:13 | DEBUG    | E30 S1000/1251: loss=1.4085, lr=8.04e-05
2026-01-03 13:21:28 | DEBUG    | E30 S1100/1251: loss=1.3513, lr=8.03e-05
2026-01-03 13:21:44 | DEBUG    | E30 S1200/1251: loss=1.1713, lr=8.02e-05
2026-01-03 13:22:53 | INFO     | E 30/90: loss=1.3488, train=67.5%, val=68.46%*, 6736 img/s, belief=0.000, align=0.000
2026-01-03 13:23:09 | DEBUG    | E31 S100/1251: loss=1.5373, lr=8.00e-05
2026-01-03 13:23:24 | DEBUG    | E31 S200/1251: loss=1.6233, lr=7.99e-05
2026-01-03 13:23:40 | DEBUG    | E31 S300/1251: loss=1.0284, lr=7.98e-05
2026-01-03 13:23:55 | DEBUG    | E31 S400/1251: loss=1.3783, lr=7.97e-05
2026-01-03 13:24:10 | DEBUG    | E31 S500/1251: loss=1.3298, lr=7.95e-05
2026-01-03 13:24:28 | DEBUG    | E31 S600/1251: loss=1.5860, lr=7.94e-05
2026-01-03 13:24:43 | DEBUG    | E31 S700/1251: loss=1.1135, lr=7.93e-05
2026-01-03 13:24:58 | DEBUG    | E31 S800/1251: loss=1.6529, lr=7.92e-05
2026-01-03 13:25:13 | DEBUG    | E31 S900/1251: loss=1.4534, lr=7.91e-05
2026-01-03 13:25:29 | DEBUG    | E31 S1000/1251: loss=1.2308, lr=7.89e-05
2026-01-03 13:25:44 | DEBUG    | E31 S1100/1251: loss=1.6836, lr=7.88e-05
2026-01-03 13:26:00 | DEBUG    | E31 S1200/1251: loss=1.2585, lr=7.87e-05
2026-01-03 13:27:07 | INFO     | E 31/90: loss=1.3371, train=67.8%, val=68.49%*, 6672 img/s, belief=0.000, align=0.000
2026-01-03 13:27:25 | DEBUG    | E32 S100/1251: loss=1.1520, lr=7.85e-05
2026-01-03 13:27:40 | DEBUG    | E32 S200/1251: loss=0.9545, lr=7.84e-05
2026-01-03 13:27:55 | DEBUG    | E32 S300/1251: loss=1.2747, lr=7.83e-05
2026-01-03 13:28:11 | DEBUG    | E32 S400/1251: loss=1.3227, lr=7.82e-05
2026-01-03 13:28:26 | DEBUG    | E32 S500/1251: loss=1.4612, lr=7.80e-05
2026-01-03 13:28:42 | DEBUG    | E32 S600/1251: loss=1.2079, lr=7.79e-05
2026-01-03 13:28:57 | DEBUG    | E32 S700/1251: loss=1.1280, lr=7.78e-05
2026-01-03 13:29:12 | DEBUG    | E32 S800/1251: loss=1.1921, lr=7.77e-05
2026-01-03 13:29:27 | DEBUG    | E32 S900/1251: loss=1.1611, lr=7.75e-05
2026-01-03 13:29:43 | DEBUG    | E32 S1000/1251: loss=1.3199, lr=7.74e-05
2026-01-03 13:29:58 | DEBUG    | E32 S1100/1251: loss=1.1535, lr=7.73e-05
2026-01-03 13:30:14 | DEBUG    | E32 S1200/1251: loss=1.4637, lr=7.72e-05
2026-01-03 13:31:22 | INFO     | E 32/90: loss=1.3239, train=68.0%, val=68.88%*, 6691 img/s, belief=0.000, align=0.000
2026-01-03 13:31:39 | DEBUG    | E33 S100/1251: loss=1.1825, lr=7.70e-05
2026-01-03 13:31:55 | DEBUG    | E33 S200/1251: loss=1.2104, lr=7.69e-05
2026-01-03 13:32:10 | DEBUG    | E33 S300/1251: loss=1.2327, lr=7.67e-05
2026-01-03 13:32:25 | DEBUG    | E33 S400/1251: loss=1.4176, lr=7.66e-05
2026-01-03 13:32:40 | DEBUG    | E33 S500/1251: loss=1.2622, lr=7.65e-05
2026-01-03 13:32:55 | DEBUG    | E33 S600/1251: loss=1.1011, lr=7.64e-05
2026-01-03 13:33:11 | DEBUG    | E33 S700/1251: loss=1.3249, lr=7.62e-05
2026-01-03 13:33:26 | DEBUG    | E33 S800/1251: loss=1.5223, lr=7.61e-05
2026-01-03 13:33:41 | DEBUG    | E33 S900/1251: loss=1.3406, lr=7.60e-05
2026-01-03 13:33:57 | DEBUG    | E33 S1000/1251: loss=1.1564, lr=7.59e-05
2026-01-03 13:34:12 | DEBUG    | E33 S1100/1251: loss=1.3864, lr=7.57e-05
2026-01-03 13:34:28 | DEBUG    | E33 S1200/1251: loss=1.2946, lr=7.56e-05
2026-01-03 13:35:37 | INFO     | E 33/90: loss=1.3178, train=68.1%, val=68.80%, 6705 img/s, belief=0.000, align=0.000
2026-01-03 13:35:54 | DEBUG    | E34 S100/1251: loss=1.0987, lr=7.54e-05
2026-01-03 13:36:09 | DEBUG    | E34 S200/1251: loss=1.1064, lr=7.53e-05
2026-01-03 13:36:25 | DEBUG    | E34 S300/1251: loss=1.3288, lr=7.52e-05
2026-01-03 13:36:40 | DEBUG    | E34 S400/1251: loss=1.4340, lr=7.50e-05
2026-01-03 13:36:55 | DEBUG    | E34 S500/1251: loss=1.3502, lr=7.49e-05
2026-01-03 13:37:10 | DEBUG    | E34 S600/1251: loss=1.2530, lr=7.48e-05
2026-01-03 13:37:25 | DEBUG    | E34 S700/1251: loss=1.4160, lr=7.46e-05
2026-01-03 13:37:41 | DEBUG    | E34 S800/1251: loss=1.4404, lr=7.45e-05
2026-01-03 13:37:56 | DEBUG    | E34 S900/1251: loss=1.0676, lr=7.44e-05
2026-01-03 13:38:12 | DEBUG    | E34 S1000/1251: loss=1.3391, lr=7.43e-05
2026-01-03 13:38:27 | DEBUG    | E34 S1100/1251: loss=1.0753, lr=7.41e-05
2026-01-03 13:38:43 | DEBUG    | E34 S1200/1251: loss=1.2473, lr=7.40e-05
2026-01-03 13:39:52 | INFO     | E 34/90: loss=1.2879, train=68.8%, val=68.78%, 6676 img/s, belief=0.000, align=0.000
2026-01-03 13:40:09 | DEBUG    | E35 S100/1251: loss=1.2083, lr=7.38e-05
2026-01-03 13:40:24 | DEBUG    | E35 S200/1251: loss=1.2779, lr=7.37e-05
2026-01-03 13:40:40 | DEBUG    | E35 S300/1251: loss=1.1782, lr=7.35e-05
2026-01-03 13:40:55 | DEBUG    | E35 S400/1251: loss=1.2578, lr=7.34e-05
2026-01-03 13:41:10 | DEBUG    | E35 S500/1251: loss=1.1043, lr=7.33e-05
2026-01-03 13:41:25 | DEBUG    | E35 S600/1251: loss=1.3309, lr=7.31e-05
2026-01-03 13:41:40 | DEBUG    | E35 S700/1251: loss=1.3838, lr=7.30e-05
2026-01-03 13:41:55 | DEBUG    | E35 S800/1251: loss=1.3656, lr=7.29e-05
2026-01-03 13:42:10 | DEBUG    | E35 S900/1251: loss=1.1519, lr=7.28e-05
2026-01-03 13:42:26 | DEBUG    | E35 S1000/1251: loss=1.4118, lr=7.26e-05
2026-01-03 13:42:41 | DEBUG    | E35 S1100/1251: loss=1.1357, lr=7.25e-05
2026-01-03 13:42:57 | DEBUG    | E35 S1200/1251: loss=1.4274, lr=7.24e-05
2026-01-03 13:44:05 | INFO     | E 35/90: loss=1.2882, train=68.9%, val=68.88%, 6716 img/s, belief=0.000, align=0.000
2026-01-03 13:44:23 | DEBUG    | E36 S100/1251: loss=1.0726, lr=7.22e-05
2026-01-03 13:44:38 | DEBUG    | E36 S200/1251: loss=1.6623, lr=7.20e-05
2026-01-03 13:44:53 | DEBUG    | E36 S300/1251: loss=1.3122, lr=7.19e-05
2026-01-03 13:45:08 | DEBUG    | E36 S400/1251: loss=1.4093, lr=7.18e-05
2026-01-03 13:45:23 | DEBUG    | E36 S500/1251: loss=1.1329, lr=7.16e-05
2026-01-03 13:45:39 | DEBUG    | E36 S600/1251: loss=1.3843, lr=7.15e-05
2026-01-03 13:45:54 | DEBUG    | E36 S700/1251: loss=1.2440, lr=7.14e-05
2026-01-03 13:46:09 | DEBUG    | E36 S800/1251: loss=1.3910, lr=7.12e-05
2026-01-03 13:46:24 | DEBUG    | E36 S900/1251: loss=1.5731, lr=7.11e-05
2026-01-03 13:46:39 | DEBUG    | E36 S1000/1251: loss=1.2422, lr=7.10e-05
2026-01-03 13:46:55 | DEBUG    | E36 S1100/1251: loss=1.1545, lr=7.08e-05
2026-01-03 13:47:10 | DEBUG    | E36 S1200/1251: loss=1.7532, lr=7.07e-05
2026-01-03 13:48:19 | INFO     | E 36/90: loss=1.2819, train=68.8%, val=69.14%*, 6715 img/s, belief=0.000, align=0.000
2026-01-03 13:48:36 | DEBUG    | E37 S100/1251: loss=1.4387, lr=7.05e-05
2026-01-03 13:48:52 | DEBUG    | E37 S200/1251: loss=1.0300, lr=7.03e-05
2026-01-03 13:49:07 | DEBUG    | E37 S300/1251: loss=1.1385, lr=7.02e-05
2026-01-03 13:49:21 | DEBUG    | E37 S400/1251: loss=1.0741, lr=7.01e-05
2026-01-03 13:49:37 | DEBUG    | E37 S500/1251: loss=0.8707, lr=6.99e-05
2026-01-03 13:49:53 | DEBUG    | E37 S600/1251: loss=0.8533, lr=6.98e-05
2026-01-03 13:50:08 | DEBUG    | E37 S700/1251: loss=1.3881, lr=6.97e-05
2026-01-03 13:50:23 | DEBUG    | E37 S800/1251: loss=1.4113, lr=6.95e-05
2026-01-03 13:50:38 | DEBUG    | E37 S900/1251: loss=1.1064, lr=6.94e-05
2026-01-03 13:50:53 | DEBUG    | E37 S1000/1251: loss=1.1548, lr=6.93e-05
2026-01-03 13:51:09 | DEBUG    | E37 S1100/1251: loss=1.5489, lr=6.91e-05
2026-01-03 13:51:24 | DEBUG    | E37 S1200/1251: loss=1.6835, lr=6.90e-05
2026-01-03 13:52:32 | INFO     | E 37/90: loss=1.2571, train=69.4%, val=69.25%*, 6724 img/s, belief=0.000, align=0.000
2026-01-03 13:52:51 | DEBUG    | E38 S100/1251: loss=0.9987, lr=6.88e-05
2026-01-03 13:53:06 | DEBUG    | E38 S200/1251: loss=1.1910, lr=6.86e-05
2026-01-03 13:53:20 | DEBUG    | E38 S300/1251: loss=1.1584, lr=6.85e-05
2026-01-03 13:53:36 | DEBUG    | E38 S400/1251: loss=1.1099, lr=6.84e-05
2026-01-03 13:53:51 | DEBUG    | E38 S500/1251: loss=1.0193, lr=6.82e-05
2026-01-03 13:54:07 | DEBUG    | E38 S600/1251: loss=1.0490, lr=6.81e-05
2026-01-03 13:54:24 | DEBUG    | E38 S700/1251: loss=1.2213, lr=6.80e-05
2026-01-03 13:54:40 | DEBUG    | E38 S800/1251: loss=1.2274, lr=6.78e-05
2026-01-03 13:54:55 | DEBUG    | E38 S900/1251: loss=1.1023, lr=6.77e-05
2026-01-03 13:55:10 | DEBUG    | E38 S1000/1251: loss=1.3349, lr=6.75e-05
2026-01-03 13:55:26 | DEBUG    | E38 S1100/1251: loss=1.2937, lr=6.74e-05
2026-01-03 13:55:41 | DEBUG    | E38 S1200/1251: loss=1.3018, lr=6.73e-05
2026-01-03 13:56:49 | INFO     | E 38/90: loss=1.2479, train=69.5%, val=69.42%*, 6595 img/s, belief=0.000, align=0.000
2026-01-03 13:57:07 | DEBUG    | E39 S100/1251: loss=1.3416, lr=6.71e-05
2026-01-03 13:57:22 | DEBUG    | E39 S200/1251: loss=1.0128, lr=6.69e-05
2026-01-03 13:57:37 | DEBUG    | E39 S300/1251: loss=1.2083, lr=6.68e-05
2026-01-03 13:57:52 | DEBUG    | E39 S400/1251: loss=1.0336, lr=6.66e-05
2026-01-03 13:58:08 | DEBUG    | E39 S500/1251: loss=1.2725, lr=6.65e-05
2026-01-03 13:58:23 | DEBUG    | E39 S600/1251: loss=1.1056, lr=6.64e-05
2026-01-03 13:58:38 | DEBUG    | E39 S700/1251: loss=1.2526, lr=6.62e-05
2026-01-03 13:58:53 | DEBUG    | E39 S800/1251: loss=1.7970, lr=6.61e-05
2026-01-03 13:59:08 | DEBUG    | E39 S900/1251: loss=1.4415, lr=6.59e-05
2026-01-03 13:59:23 | DEBUG    | E39 S1000/1251: loss=0.9932, lr=6.58e-05
2026-01-03 13:59:39 | DEBUG    | E39 S1100/1251: loss=1.2013, lr=6.57e-05
2026-01-03 13:59:54 | DEBUG    | E39 S1200/1251: loss=1.2151, lr=6.55e-05
2026-01-03 14:01:02 | INFO     | E 39/90: loss=1.2341, train=69.8%, val=69.70%*, 6748 img/s, belief=0.000, align=0.000
2026-01-03 14:01:20 | DEBUG    | E40 S100/1251: loss=1.0757, lr=6.53e-05
2026-01-03 14:01:35 | DEBUG    | E40 S200/1251: loss=1.3720, lr=6.52e-05
2026-01-03 14:01:50 | DEBUG    | E40 S300/1251: loss=1.1195, lr=6.50e-05
2026-01-03 14:02:06 | DEBUG    | E40 S400/1251: loss=1.1844, lr=6.49e-05
2026-01-03 14:02:21 | DEBUG    | E40 S500/1251: loss=1.3051, lr=6.47e-05
2026-01-03 14:02:36 | DEBUG    | E40 S600/1251: loss=1.2982, lr=6.46e-05
2026-01-03 14:02:51 | DEBUG    | E40 S700/1251: loss=1.3502, lr=6.45e-05
2026-01-03 14:03:06 | DEBUG    | E40 S800/1251: loss=1.2315, lr=6.43e-05
2026-01-03 14:03:21 | DEBUG    | E40 S900/1251: loss=1.1255, lr=6.42e-05
2026-01-03 14:03:37 | DEBUG    | E40 S1000/1251: loss=1.2412, lr=6.40e-05
2026-01-03 14:03:52 | DEBUG    | E40 S1100/1251: loss=1.3216, lr=6.39e-05
2026-01-03 14:04:08 | DEBUG    | E40 S1200/1251: loss=1.2218, lr=6.38e-05
2026-01-03 14:05:16 | INFO     | E 40/90: loss=1.2157, train=70.4%, val=69.88%*, 6717 img/s, belief=0.000, align=0.000
2026-01-03 14:05:33 | DEBUG    | E41 S100/1251: loss=1.2652, lr=6.35e-05
2026-01-03 14:05:48 | DEBUG    | E41 S200/1251: loss=1.2639, lr=6.34e-05
2026-01-03 14:06:04 | DEBUG    | E41 S300/1251: loss=0.9784, lr=6.33e-05
2026-01-03 14:06:19 | DEBUG    | E41 S400/1251: loss=1.0226, lr=6.31e-05
2026-01-03 14:06:34 | DEBUG    | E41 S500/1251: loss=0.9142, lr=6.30e-05
2026-01-03 14:06:49 | DEBUG    | E41 S600/1251: loss=1.1221, lr=6.28e-05
2026-01-03 14:07:04 | DEBUG    | E41 S700/1251: loss=1.1109, lr=6.27e-05
2026-01-03 14:07:20 | DEBUG    | E41 S800/1251: loss=1.0595, lr=6.25e-05
2026-01-03 14:07:35 | DEBUG    | E41 S900/1251: loss=1.0830, lr=6.24e-05
2026-01-03 14:07:50 | DEBUG    | E41 S1000/1251: loss=1.2928, lr=6.23e-05
2026-01-03 14:08:06 | DEBUG    | E41 S1100/1251: loss=1.2591, lr=6.21e-05
2026-01-03 14:08:21 | DEBUG    | E41 S1200/1251: loss=1.3290, lr=6.20e-05
2026-01-03 14:09:30 | INFO     | E 41/90: loss=1.2033, train=70.5%, val=70.06%*, 6711 img/s, belief=0.000, align=0.000
2026-01-03 14:09:48 | DEBUG    | E42 S100/1251: loss=1.2604, lr=6.18e-05
2026-01-03 14:10:03 | DEBUG    | E42 S200/1251: loss=1.2037, lr=6.16e-05
2026-01-03 14:10:18 | DEBUG    | E42 S300/1251: loss=1.0868, lr=6.15e-05
2026-01-03 14:10:33 | DEBUG    | E42 S400/1251: loss=1.1238, lr=6.13e-05
2026-01-03 14:10:48 | DEBUG    | E42 S500/1251: loss=1.4085, lr=6.12e-05
2026-01-03 14:11:03 | DEBUG    | E42 S600/1251: loss=1.4447, lr=6.10e-05
2026-01-03 14:11:19 | DEBUG    | E42 S700/1251: loss=1.2298, lr=6.09e-05
2026-01-03 14:11:34 | DEBUG    | E42 S800/1251: loss=1.3920, lr=6.07e-05
2026-01-03 14:11:50 | DEBUG    | E42 S900/1251: loss=1.1956, lr=6.06e-05
2026-01-03 14:12:06 | DEBUG    | E42 S1000/1251: loss=1.3746, lr=6.05e-05
2026-01-03 14:12:20 | DEBUG    | E42 S1100/1251: loss=1.1226, lr=6.03e-05
2026-01-03 14:12:36 | DEBUG    | E42 S1200/1251: loss=1.4365, lr=6.02e-05
2026-01-03 14:13:45 | INFO     | E 42/90: loss=1.2001, train=70.5%, val=70.15%*, 6682 img/s, belief=0.000, align=0.000
2026-01-03 14:14:01 | DEBUG    | E43 S100/1251: loss=1.1337, lr=6.00e-05
2026-01-03 14:14:17 | DEBUG    | E43 S200/1251: loss=1.2339, lr=5.98e-05
2026-01-03 14:14:32 | DEBUG    | E43 S300/1251: loss=1.3035, lr=5.97e-05
2026-01-03 14:14:47 | DEBUG    | E43 S400/1251: loss=1.1642, lr=5.95e-05
2026-01-03 14:15:02 | DEBUG    | E43 S500/1251: loss=0.9865, lr=5.94e-05
2026-01-03 14:15:18 | DEBUG    | E43 S600/1251: loss=1.1547, lr=5.92e-05
2026-01-03 14:15:33 | DEBUG    | E43 S700/1251: loss=1.3836, lr=5.91e-05
2026-01-03 14:15:48 | DEBUG    | E43 S800/1251: loss=1.1408, lr=5.89e-05
2026-01-03 14:16:04 | DEBUG    | E43 S900/1251: loss=1.6411, lr=5.88e-05
2026-01-03 14:16:19 | DEBUG    | E43 S1000/1251: loss=1.0744, lr=5.86e-05
2026-01-03 14:16:34 | DEBUG    | E43 S1100/1251: loss=1.2730, lr=5.85e-05
2026-01-03 14:16:50 | DEBUG    | E43 S1200/1251: loss=0.8821, lr=5.84e-05
2026-01-03 14:17:58 | INFO     | E 43/90: loss=1.1830, train=71.0%, val=70.02%, 6738 img/s, belief=0.000, align=0.000
2026-01-03 14:18:15 | DEBUG    | E44 S100/1251: loss=1.2927, lr=5.81e-05
2026-01-03 14:18:30 | DEBUG    | E44 S200/1251: loss=1.1847, lr=5.80e-05
2026-01-03 14:18:45 | DEBUG    | E44 S300/1251: loss=1.2660, lr=5.78e-05
2026-01-03 14:19:00 | DEBUG    | E44 S400/1251: loss=1.0292, lr=5.77e-05
2026-01-03 14:19:16 | DEBUG    | E44 S500/1251: loss=1.0417, lr=5.75e-05
2026-01-03 14:19:31 | DEBUG    | E44 S600/1251: loss=1.1791, lr=5.74e-05
2026-01-03 14:19:47 | DEBUG    | E44 S700/1251: loss=1.3057, lr=5.73e-05
2026-01-03 14:20:02 | DEBUG    | E44 S800/1251: loss=1.2224, lr=5.71e-05
2026-01-03 14:20:17 | DEBUG    | E44 S900/1251: loss=1.0934, lr=5.70e-05
2026-01-03 14:20:32 | DEBUG    | E44 S1000/1251: loss=1.3817, lr=5.68e-05
2026-01-03 14:20:47 | DEBUG    | E44 S1100/1251: loss=1.4219, lr=5.67e-05
2026-01-03 14:21:03 | DEBUG    | E44 S1200/1251: loss=1.2252, lr=5.65e-05
2026-01-03 14:22:11 | INFO     | E 44/90: loss=1.1687, train=71.3%, val=70.40%*, 6738 img/s, belief=0.000, align=0.000
2026-01-03 14:22:28 | DEBUG    | E45 S100/1251: loss=0.8466, lr=5.63e-05
2026-01-03 14:22:43 | DEBUG    | E45 S200/1251: loss=1.4068, lr=5.62e-05
2026-01-03 14:22:58 | DEBUG    | E45 S300/1251: loss=1.2743, lr=5.60e-05
2026-01-03 14:23:14 | DEBUG    | E45 S400/1251: loss=1.4819, lr=5.59e-05
2026-01-03 14:23:29 | DEBUG    | E45 S500/1251: loss=1.0340, lr=5.57e-05
2026-01-03 14:23:45 | DEBUG    | E45 S600/1251: loss=1.3322, lr=5.56e-05
2026-01-03 14:24:00 | DEBUG    | E45 S700/1251: loss=1.1668, lr=5.54e-05
2026-01-03 14:24:18 | DEBUG    | E45 S800/1251: loss=1.1091, lr=5.53e-05
2026-01-03 14:24:33 | DEBUG    | E45 S900/1251: loss=1.1413, lr=5.51e-05
2026-01-03 14:24:49 | DEBUG    | E45 S1000/1251: loss=1.2876, lr=5.50e-05
2026-01-03 14:25:04 | DEBUG    | E45 S1100/1251: loss=1.3022, lr=5.48e-05
2026-01-03 14:25:20 | DEBUG    | E45 S1200/1251: loss=1.0731, lr=5.47e-05
2026-01-03 14:26:28 | INFO     | E 45/90: loss=1.1572, train=71.5%, val=70.46%*, 6597 img/s, belief=0.000, align=0.000
2026-01-03 14:26:45 | DEBUG    | E46 S100/1251: loss=1.0256, lr=5.45e-05
2026-01-03 14:27:00 | DEBUG    | E46 S200/1251: loss=1.0610, lr=5.43e-05
2026-01-03 14:27:15 | DEBUG    | E46 S300/1251: loss=1.2720, lr=5.42e-05
2026-01-03 14:27:31 | DEBUG    | E46 S400/1251: loss=1.1269, lr=5.40e-05
2026-01-03 14:27:46 | DEBUG    | E46 S500/1251: loss=1.0578, lr=5.39e-05
2026-01-03 14:28:01 | DEBUG    | E46 S600/1251: loss=0.9798, lr=5.37e-05
2026-01-03 14:28:16 | DEBUG    | E46 S700/1251: loss=1.2999, lr=5.36e-05
2026-01-03 14:28:32 | DEBUG    | E46 S800/1251: loss=1.0840, lr=5.34e-05
2026-01-03 14:28:47 | DEBUG    | E46 S900/1251: loss=1.0203, lr=5.33e-05
2026-01-03 14:29:02 | DEBUG    | E46 S1000/1251: loss=1.1629, lr=5.31e-05
2026-01-03 14:29:17 | DEBUG    | E46 S1100/1251: loss=1.2204, lr=5.30e-05
2026-01-03 14:29:33 | DEBUG    | E46 S1200/1251: loss=1.1584, lr=5.28e-05
2026-01-03 14:30:41 | INFO     | E 46/90: loss=1.1418, train=71.8%, val=70.18%, 6739 img/s, belief=0.000, align=0.000
2026-01-03 14:30:58 | DEBUG    | E47 S100/1251: loss=1.1874, lr=5.26e-05
2026-01-03 14:31:14 | DEBUG    | E47 S200/1251: loss=1.1152, lr=5.25e-05
2026-01-03 14:31:29 | DEBUG    | E47 S300/1251: loss=1.0534, lr=5.23e-05
2026-01-03 14:31:44 | DEBUG    | E47 S400/1251: loss=0.8458, lr=5.22e-05
2026-01-03 14:31:59 | DEBUG    | E47 S500/1251: loss=1.7078, lr=5.20e-05
2026-01-03 14:32:15 | DEBUG    | E47 S600/1251: loss=1.3051, lr=5.19e-05
2026-01-03 14:32:30 | DEBUG    | E47 S700/1251: loss=1.0514, lr=5.17e-05
2026-01-03 14:32:45 | DEBUG    | E47 S800/1251: loss=1.2781, lr=5.16e-05
2026-01-03 14:33:01 | DEBUG    | E47 S900/1251: loss=1.2493, lr=5.14e-05
2026-01-03 14:33:16 | DEBUG    | E47 S1000/1251: loss=1.3388, lr=5.13e-05
2026-01-03 14:33:32 | DEBUG    | E47 S1100/1251: loss=1.3376, lr=5.11e-05
2026-01-03 14:33:47 | DEBUG    | E47 S1200/1251: loss=1.1896, lr=5.10e-05
2026-01-03 14:34:55 | INFO     | E 47/90: loss=1.1262, train=72.2%, val=70.54%*, 6686 img/s, belief=0.000, align=0.000
2026-01-03 14:35:13 | DEBUG    | E48 S100/1251: loss=1.1282, lr=5.08e-05
2026-01-03 14:35:29 | DEBUG    | E48 S200/1251: loss=1.1795, lr=5.06e-05
2026-01-03 14:35:44 | DEBUG    | E48 S300/1251: loss=0.9461, lr=5.05e-05
2026-01-03 14:35:59 | DEBUG    | E48 S400/1251: loss=1.1246, lr=5.03e-05
2026-01-03 14:36:15 | DEBUG    | E48 S500/1251: loss=1.1548, lr=5.02e-05
2026-01-03 14:36:30 | DEBUG    | E48 S600/1251: loss=1.0753, lr=5.00e-05
2026-01-03 14:36:45 | DEBUG    | E48 S700/1251: loss=0.8564, lr=4.99e-05
2026-01-03 14:37:00 | DEBUG    | E48 S800/1251: loss=1.0583, lr=4.97e-05
2026-01-03 14:37:16 | DEBUG    | E48 S900/1251: loss=1.1281, lr=4.96e-05
2026-01-03 14:37:31 | DEBUG    | E48 S1000/1251: loss=1.2128, lr=4.94e-05
2026-01-03 14:37:47 | DEBUG    | E48 S1100/1251: loss=1.1538, lr=4.93e-05
2026-01-03 14:38:03 | DEBUG    | E48 S1200/1251: loss=1.3177, lr=4.92e-05
2026-01-03 14:39:11 | INFO     | E 48/90: loss=1.1190, train=72.2%, val=70.86%*, 6649 img/s, belief=0.000, align=0.000
2026-01-03 14:39:29 | DEBUG    | E49 S100/1251: loss=1.0932, lr=4.89e-05
2026-01-03 14:39:44 | DEBUG    | E49 S200/1251: loss=1.0974, lr=4.88e-05
2026-01-03 14:39:59 | DEBUG    | E49 S300/1251: loss=1.0513, lr=4.86e-05
2026-01-03 14:40:14 | DEBUG    | E49 S400/1251: loss=0.8871, lr=4.85e-05
2026-01-03 14:40:29 | DEBUG    | E49 S500/1251: loss=1.0098, lr=4.83e-05
2026-01-03 14:40:44 | DEBUG    | E49 S600/1251: loss=1.1292, lr=4.82e-05
2026-01-03 14:40:59 | DEBUG    | E49 S700/1251: loss=0.9011, lr=4.80e-05
2026-01-03 14:41:15 | DEBUG    | E49 S800/1251: loss=0.7244, lr=4.79e-05
2026-01-03 14:41:30 | DEBUG    | E49 S900/1251: loss=1.1131, lr=4.77e-05
2026-01-03 14:41:45 | DEBUG    | E49 S1000/1251: loss=1.1251, lr=4.76e-05
2026-01-03 14:42:01 | DEBUG    | E49 S1100/1251: loss=0.8841, lr=4.75e-05
2026-01-03 14:42:17 | DEBUG    | E49 S1200/1251: loss=1.0797, lr=4.73e-05
2026-01-03 14:43:25 | INFO     | E 49/90: loss=1.1069, train=72.7%, val=70.48%, 6720 img/s, belief=0.000, align=0.000
2026-01-03 14:43:42 | DEBUG    | E50 S100/1251: loss=1.4997, lr=4.71e-05
2026-01-03 14:43:58 | DEBUG    | E50 S200/1251: loss=0.9263, lr=4.69e-05
2026-01-03 14:44:13 | DEBUG    | E50 S300/1251: loss=1.2681, lr=4.68e-05
2026-01-03 14:44:28 | DEBUG    | E50 S400/1251: loss=1.0794, lr=4.66e-05
2026-01-03 14:44:43 | DEBUG    | E50 S500/1251: loss=1.0976, lr=4.65e-05
2026-01-03 14:44:58 | DEBUG    | E50 S600/1251: loss=1.0313, lr=4.63e-05
2026-01-03 14:45:13 | DEBUG    | E50 S700/1251: loss=0.9097, lr=4.62e-05
2026-01-03 14:45:29 | DEBUG    | E50 S800/1251: loss=1.1375, lr=4.61e-05
2026-01-03 14:45:44 | DEBUG    | E50 S900/1251: loss=1.3933, lr=4.59e-05
2026-01-03 14:45:59 | DEBUG    | E50 S1000/1251: loss=1.1546, lr=4.58e-05
2026-01-03 14:46:14 | DEBUG    | E50 S1100/1251: loss=1.0942, lr=4.56e-05
2026-01-03 14:46:30 | DEBUG    | E50 S1200/1251: loss=0.9730, lr=4.55e-05
2026-01-03 14:47:38 | INFO     | E 50/90: loss=1.0904, train=72.9%, val=70.98%*, 6726 img/s, belief=0.000, align=0.000
2026-01-03 14:47:57 | DEBUG    | E51 S100/1251: loss=1.0956, lr=4.52e-05
2026-01-03 14:48:11 | DEBUG    | E51 S200/1251: loss=1.1882, lr=4.51e-05
2026-01-03 14:48:26 | DEBUG    | E51 S300/1251: loss=0.9724, lr=4.49e-05
2026-01-03 14:48:41 | DEBUG    | E51 S400/1251: loss=1.0692, lr=4.48e-05
2026-01-03 14:48:57 | DEBUG    | E51 S500/1251: loss=1.0168, lr=4.47e-05
2026-01-03 14:49:12 | DEBUG    | E51 S600/1251: loss=1.0952, lr=4.45e-05
2026-01-03 14:49:28 | DEBUG    | E51 S700/1251: loss=0.8655, lr=4.44e-05
2026-01-03 14:49:43 | DEBUG    | E51 S800/1251: loss=1.1264, lr=4.42e-05
2026-01-03 14:49:58 | DEBUG    | E51 S900/1251: loss=0.9438, lr=4.41e-05
2026-01-03 14:50:13 | DEBUG    | E51 S1000/1251: loss=1.1903, lr=4.39e-05
2026-01-03 14:50:28 | DEBUG    | E51 S1100/1251: loss=1.0627, lr=4.38e-05
2026-01-03 14:50:44 | DEBUG    | E51 S1200/1251: loss=1.0724, lr=4.36e-05
2026-01-03 14:51:51 | INFO     | E 51/90: loss=1.0793, train=73.1%, val=70.84%, 6722 img/s, belief=0.000, align=0.000
2026-01-03 14:52:09 | DEBUG    | E52 S100/1251: loss=1.0639, lr=4.34e-05
2026-01-03 14:52:24 | DEBUG    | E52 S200/1251: loss=0.9063, lr=4.33e-05
2026-01-03 14:52:39 | DEBUG    | E52 S300/1251: loss=1.0549, lr=4.31e-05
2026-01-03 14:52:54 | DEBUG    | E52 S400/1251: loss=1.1237, lr=4.30e-05
2026-01-03 14:53:09 | DEBUG    | E52 S500/1251: loss=1.1056, lr=4.28e-05
2026-01-03 14:53:25 | DEBUG    | E52 S600/1251: loss=1.1287, lr=4.27e-05
2026-01-03 14:53:42 | DEBUG    | E52 S700/1251: loss=1.0248, lr=4.25e-05
2026-01-03 14:53:58 | DEBUG    | E52 S800/1251: loss=1.1019, lr=4.24e-05
2026-01-03 14:54:13 | DEBUG    | E52 S900/1251: loss=1.1009, lr=4.22e-05
2026-01-03 14:54:29 | DEBUG    | E52 S1000/1251: loss=1.0849, lr=4.21e-05
2026-01-03 14:54:44 | DEBUG    | E52 S1100/1251: loss=0.9923, lr=4.19e-05
2026-01-03 14:55:00 | DEBUG    | E52 S1200/1251: loss=1.2466, lr=4.18e-05
2026-01-03 14:56:08 | INFO     | E 52/90: loss=1.0679, train=73.6%, val=71.15%*, 6603 img/s, belief=0.000, align=0.000
2026-01-03 14:56:25 | DEBUG    | E53 S100/1251: loss=0.8205, lr=4.16e-05
2026-01-03 14:56:41 | DEBUG    | E53 S200/1251: loss=1.1185, lr=4.14e-05
2026-01-03 14:56:56 | DEBUG    | E53 S300/1251: loss=0.9416, lr=4.13e-05
2026-01-03 14:57:12 | DEBUG    | E53 S400/1251: loss=0.9885, lr=4.11e-05
2026-01-03 14:57:27 | DEBUG    | E53 S500/1251: loss=1.2423, lr=4.10e-05
2026-01-03 14:57:42 | DEBUG    | E53 S600/1251: loss=1.2262, lr=4.09e-05
2026-01-03 14:57:57 | DEBUG    | E53 S700/1251: loss=1.3818, lr=4.07e-05
2026-01-03 14:58:13 | DEBUG    | E53 S800/1251: loss=0.9776, lr=4.06e-05
2026-01-03 14:58:28 | DEBUG    | E53 S900/1251: loss=0.9840, lr=4.04e-05
2026-01-03 14:58:43 | DEBUG    | E53 S1000/1251: loss=1.0150, lr=4.03e-05
2026-01-03 14:58:59 | DEBUG    | E53 S1100/1251: loss=1.1015, lr=4.01e-05
2026-01-03 14:59:14 | DEBUG    | E53 S1200/1251: loss=1.1203, lr=4.00e-05
2026-01-03 15:00:22 | INFO     | E 53/90: loss=1.0444, train=73.9%, val=71.10%, 6697 img/s, belief=0.000, align=0.000
2026-01-03 15:00:40 | DEBUG    | E54 S100/1251: loss=0.8233, lr=3.98e-05
2026-01-03 15:00:55 | DEBUG    | E54 S200/1251: loss=0.8621, lr=3.96e-05
2026-01-03 15:01:10 | DEBUG    | E54 S300/1251: loss=0.9613, lr=3.95e-05
2026-01-03 15:01:26 | DEBUG    | E54 S400/1251: loss=1.0733, lr=3.93e-05
2026-01-03 15:01:42 | DEBUG    | E54 S500/1251: loss=1.0948, lr=3.92e-05
2026-01-03 15:01:56 | DEBUG    | E54 S600/1251: loss=1.1008, lr=3.90e-05
2026-01-03 15:02:12 | DEBUG    | E54 S700/1251: loss=0.9567, lr=3.89e-05
2026-01-03 15:02:26 | DEBUG    | E54 S800/1251: loss=1.3892, lr=3.88e-05
2026-01-03 15:02:42 | DEBUG    | E54 S900/1251: loss=0.9050, lr=3.86e-05
2026-01-03 15:02:57 | DEBUG    | E54 S1000/1251: loss=1.0678, lr=3.85e-05
2026-01-03 15:03:12 | DEBUG    | E54 S1100/1251: loss=1.2456, lr=3.83e-05
2026-01-03 15:03:28 | DEBUG    | E54 S1200/1251: loss=1.2548, lr=3.82e-05
2026-01-03 15:04:37 | INFO     | E 54/90: loss=1.0394, train=74.0%, val=71.46%*, 6680 img/s, belief=0.000, align=0.000
2026-01-03 15:04:54 | DEBUG    | E55 S100/1251: loss=0.9802, lr=3.80e-05
2026-01-03 15:05:09 | DEBUG    | E55 S200/1251: loss=1.1175, lr=3.78e-05
2026-01-03 15:05:24 | DEBUG    | E55 S300/1251: loss=1.2289, lr=3.77e-05
2026-01-03 15:05:39 | DEBUG    | E55 S400/1251: loss=1.0243, lr=3.75e-05
2026-01-03 15:05:54 | DEBUG    | E55 S500/1251: loss=1.0976, lr=3.74e-05
2026-01-03 15:06:09 | DEBUG    | E55 S600/1251: loss=0.8718, lr=3.72e-05
2026-01-03 15:06:24 | DEBUG    | E55 S700/1251: loss=0.8848, lr=3.71e-05
2026-01-03 15:06:40 | DEBUG    | E55 S800/1251: loss=0.9153, lr=3.70e-05
2026-01-03 15:06:55 | DEBUG    | E55 S900/1251: loss=0.8669, lr=3.68e-05
2026-01-03 15:07:11 | DEBUG    | E55 S1000/1251: loss=0.7353, lr=3.67e-05
2026-01-03 15:07:26 | DEBUG    | E55 S1100/1251: loss=1.2023, lr=3.65e-05
2026-01-03 15:07:42 | DEBUG    | E55 S1200/1251: loss=1.1569, lr=3.64e-05
2026-01-03 15:08:50 | INFO     | E 55/90: loss=1.0192, train=74.6%, val=71.48%*, 6717 img/s, belief=0.000, align=0.000
2026-01-03 15:09:08 | DEBUG    | E56 S100/1251: loss=0.8570, lr=3.62e-05
2026-01-03 15:09:24 | DEBUG    | E56 S200/1251: loss=1.1425, lr=3.60e-05
2026-01-03 15:09:39 | DEBUG    | E56 S300/1251: loss=1.0840, lr=3.59e-05
2026-01-03 15:09:54 | DEBUG    | E56 S400/1251: loss=0.9014, lr=3.58e-05
2026-01-03 15:10:09 | DEBUG    | E56 S500/1251: loss=0.9120, lr=3.56e-05
2026-01-03 15:10:25 | DEBUG    | E56 S600/1251: loss=0.8184, lr=3.55e-05
2026-01-03 15:10:40 | DEBUG    | E56 S700/1251: loss=1.0878, lr=3.53e-05
2026-01-03 15:10:56 | DEBUG    | E56 S800/1251: loss=1.1423, lr=3.52e-05
2026-01-03 15:11:11 | DEBUG    | E56 S900/1251: loss=1.1933, lr=3.50e-05
2026-01-03 15:11:26 | DEBUG    | E56 S1000/1251: loss=0.6238, lr=3.49e-05
2026-01-03 15:11:41 | DEBUG    | E56 S1100/1251: loss=0.9125, lr=3.48e-05
2026-01-03 15:11:57 | DEBUG    | E56 S1200/1251: loss=0.9067, lr=3.46e-05
2026-01-03 15:13:05 | INFO     | E 56/90: loss=1.0080, train=74.8%, val=71.46%, 6679 img/s, belief=0.000, align=0.000
2026-01-03 15:13:22 | DEBUG    | E57 S100/1251: loss=1.0041, lr=3.44e-05
2026-01-03 15:13:37 | DEBUG    | E57 S200/1251: loss=1.1532, lr=3.43e-05
2026-01-03 15:13:53 | DEBUG    | E57 S300/1251: loss=1.1041, lr=3.41e-05
2026-01-03 15:14:07 | DEBUG    | E57 S400/1251: loss=1.0050, lr=3.40e-05
2026-01-03 15:14:22 | DEBUG    | E57 S500/1251: loss=1.0386, lr=3.38e-05
2026-01-03 15:14:38 | DEBUG    | E57 S600/1251: loss=0.8904, lr=3.37e-05
2026-01-03 15:14:53 | DEBUG    | E57 S700/1251: loss=1.1306, lr=3.36e-05
2026-01-03 15:15:08 | DEBUG    | E57 S800/1251: loss=1.3333, lr=3.34e-05
2026-01-03 15:15:23 | DEBUG    | E57 S900/1251: loss=1.0358, lr=3.33e-05
2026-01-03 15:15:39 | DEBUG    | E57 S1000/1251: loss=0.9400, lr=3.32e-05
2026-01-03 15:15:54 | DEBUG    | E57 S1100/1251: loss=0.7007, lr=3.30e-05
2026-01-03 15:16:09 | DEBUG    | E57 S1200/1251: loss=1.1985, lr=3.29e-05
2026-01-03 15:17:17 | INFO     | E 57/90: loss=0.9940, train=75.2%, val=71.39%, 6749 img/s, belief=0.000, align=0.000
2026-01-03 15:17:35 | DEBUG    | E58 S100/1251: loss=0.9854, lr=3.27e-05
2026-01-03 15:17:50 | DEBUG    | E58 S200/1251: loss=1.0054, lr=3.25e-05
2026-01-03 15:18:06 | DEBUG    | E58 S300/1251: loss=0.7346, lr=3.24e-05
2026-01-03 15:18:21 | DEBUG    | E58 S400/1251: loss=0.7516, lr=3.23e-05
2026-01-03 15:18:37 | DEBUG    | E58 S500/1251: loss=0.9290, lr=3.21e-05
2026-01-03 15:18:52 | DEBUG    | E58 S600/1251: loss=1.0624, lr=3.20e-05
2026-01-03 15:19:07 | DEBUG    | E58 S700/1251: loss=1.1629, lr=3.18e-05
2026-01-03 15:19:22 | DEBUG    | E58 S800/1251: loss=0.9538, lr=3.17e-05
2026-01-03 15:19:37 | DEBUG    | E58 S900/1251: loss=0.7097, lr=3.16e-05
2026-01-03 15:19:52 | DEBUG    | E58 S1000/1251: loss=0.9394, lr=3.14e-05
2026-01-03 15:20:07 | DEBUG    | E58 S1100/1251: loss=0.9912, lr=3.13e-05
2026-01-03 15:20:23 | DEBUG    | E58 S1200/1251: loss=0.9378, lr=3.12e-05
2026-01-03 15:21:31 | INFO     | E 58/90: loss=0.9815, train=75.4%, val=71.75%*, 6680 img/s, belief=0.000, align=0.000
2026-01-03 15:21:50 | DEBUG    | E59 S100/1251: loss=0.8103, lr=3.09e-05
2026-01-03 15:22:05 | DEBUG    | E59 S200/1251: loss=0.8941, lr=3.08e-05
2026-01-03 15:22:20 | DEBUG    | E59 S300/1251: loss=1.0447, lr=3.07e-05
2026-01-03 15:22:35 | DEBUG    | E59 S400/1251: loss=0.9770, lr=3.05e-05
2026-01-03 15:22:50 | DEBUG    | E59 S500/1251: loss=1.1368, lr=3.04e-05
2026-01-03 15:23:05 | DEBUG    | E59 S600/1251: loss=1.2011, lr=3.03e-05
2026-01-03 15:23:23 | DEBUG    | E59 S700/1251: loss=1.0800, lr=3.01e-05
2026-01-03 15:23:38 | DEBUG    | E59 S800/1251: loss=0.7034, lr=3.00e-05
2026-01-03 15:23:54 | DEBUG    | E59 S900/1251: loss=1.0137, lr=2.99e-05
2026-01-03 15:24:09 | DEBUG    | E59 S1000/1251: loss=1.0587, lr=2.97e-05
2026-01-03 15:24:24 | DEBUG    | E59 S1100/1251: loss=0.9317, lr=2.96e-05
2026-01-03 15:24:40 | DEBUG    | E59 S1200/1251: loss=1.0438, lr=2.95e-05
2026-01-03 15:25:48 | INFO     | E 59/90: loss=0.9643, train=75.9%, val=71.79%*, 6613 img/s, belief=0.000, align=0.000
2026-01-03 15:26:06 | DEBUG    | E60 S100/1251: loss=0.9816, lr=2.92e-05
2026-01-03 15:26:20 | DEBUG    | E60 S200/1251: loss=1.0854, lr=2.91e-05
2026-01-03 15:26:35 | DEBUG    | E60 S300/1251: loss=0.7097, lr=2.90e-05
2026-01-03 15:26:51 | DEBUG    | E60 S400/1251: loss=0.9412, lr=2.88e-05
2026-01-03 15:27:06 | DEBUG    | E60 S500/1251: loss=0.8237, lr=2.87e-05
2026-01-03 15:27:21 | DEBUG    | E60 S600/1251: loss=0.9734, lr=2.86e-05
2026-01-03 15:27:36 | DEBUG    | E60 S700/1251: loss=0.7758, lr=2.84e-05
2026-01-03 15:27:52 | DEBUG    | E60 S800/1251: loss=0.9026, lr=2.83e-05
2026-01-03 15:28:07 | DEBUG    | E60 S900/1251: loss=0.8968, lr=2.82e-05
2026-01-03 15:28:22 | DEBUG    | E60 S1000/1251: loss=0.7391, lr=2.80e-05
2026-01-03 15:28:38 | DEBUG    | E60 S1100/1251: loss=0.9509, lr=2.79e-05
2026-01-03 15:28:53 | DEBUG    | E60 S1200/1251: loss=1.1900, lr=2.78e-05
2026-01-03 15:30:02 | INFO     | E 60/90: loss=0.9539, train=76.0%, val=71.83%*, 6739 img/s, belief=0.000, align=0.000
2026-01-03 15:30:20 | DEBUG    | E61 S100/1251: loss=0.8350, lr=2.76e-05
2026-01-03 15:30:35 | DEBUG    | E61 S200/1251: loss=1.0510, lr=2.75e-05
2026-01-03 15:30:50 | DEBUG    | E61 S300/1251: loss=1.0453, lr=2.73e-05
2026-01-03 15:31:05 | DEBUG    | E61 S400/1251: loss=0.8704, lr=2.72e-05
2026-01-03 15:31:21 | DEBUG    | E61 S500/1251: loss=1.0268, lr=2.71e-05
2026-01-03 15:31:35 | DEBUG    | E61 S600/1251: loss=0.8545, lr=2.69e-05
2026-01-03 15:31:51 | DEBUG    | E61 S700/1251: loss=0.8510, lr=2.68e-05
2026-01-03 15:32:06 | DEBUG    | E61 S800/1251: loss=0.8404, lr=2.67e-05
2026-01-03 15:32:21 | DEBUG    | E61 S900/1251: loss=0.8386, lr=2.65e-05
2026-01-03 15:32:36 | DEBUG    | E61 S1000/1251: loss=0.9223, lr=2.64e-05
2026-01-03 15:32:51 | DEBUG    | E61 S1100/1251: loss=0.7212, lr=2.63e-05
2026-01-03 15:33:07 | DEBUG    | E61 S1200/1251: loss=0.9050, lr=2.61e-05
2026-01-03 15:34:15 | INFO     | E 61/90: loss=0.9303, train=76.6%, val=71.90%*, 6720 img/s, belief=0.000, align=0.000
2026-01-03 15:34:32 | DEBUG    | E62 S100/1251: loss=1.3732, lr=2.59e-05
2026-01-03 15:34:48 | DEBUG    | E62 S200/1251: loss=0.7207, lr=2.58e-05
2026-01-03 15:35:03 | DEBUG    | E62 S300/1251: loss=1.1039, lr=2.57e-05
2026-01-03 15:35:19 | DEBUG    | E62 S400/1251: loss=0.9757, lr=2.56e-05
2026-01-03 15:35:34 | DEBUG    | E62 S500/1251: loss=0.8822, lr=2.54e-05
2026-01-03 15:35:50 | DEBUG    | E62 S600/1251: loss=0.9057, lr=2.53e-05
2026-01-03 15:36:05 | DEBUG    | E62 S700/1251: loss=0.8119, lr=2.52e-05
2026-01-03 15:36:20 | DEBUG    | E62 S800/1251: loss=0.8521, lr=2.50e-05
2026-01-03 15:36:35 | DEBUG    | E62 S900/1251: loss=1.0906, lr=2.49e-05
2026-01-03 15:36:51 | DEBUG    | E62 S1000/1251: loss=1.0663, lr=2.48e-05
2026-01-03 15:37:06 | DEBUG    | E62 S1100/1251: loss=0.9527, lr=2.47e-05
2026-01-03 15:37:23 | DEBUG    | E62 S1200/1251: loss=0.9016, lr=2.45e-05
2026-01-03 15:38:31 | INFO     | E 62/90: loss=0.9196, train=76.9%, val=72.15%*, 6639 img/s, belief=0.000, align=0.000
2026-01-03 15:38:48 | DEBUG    | E63 S100/1251: loss=0.9594, lr=2.43e-05
2026-01-03 15:39:04 | DEBUG    | E63 S200/1251: loss=0.7649, lr=2.42e-05
2026-01-03 15:39:19 | DEBUG    | E63 S300/1251: loss=1.0426, lr=2.41e-05
2026-01-03 15:39:34 | DEBUG    | E63 S400/1251: loss=0.7949, lr=2.40e-05
2026-01-03 15:39:50 | DEBUG    | E63 S500/1251: loss=0.8975, lr=2.38e-05
2026-01-03 15:40:05 | DEBUG    | E63 S600/1251: loss=1.0004, lr=2.37e-05
2026-01-03 15:40:20 | DEBUG    | E63 S700/1251: loss=0.9277, lr=2.36e-05
2026-01-03 15:40:36 | DEBUG    | E63 S800/1251: loss=0.8948, lr=2.35e-05
2026-01-03 15:40:51 | DEBUG    | E63 S900/1251: loss=0.8792, lr=2.33e-05
2026-01-03 15:41:06 | DEBUG    | E63 S1000/1251: loss=0.8603, lr=2.32e-05
2026-01-03 15:41:22 | DEBUG    | E63 S1100/1251: loss=0.9836, lr=2.31e-05
2026-01-03 15:41:37 | DEBUG    | E63 S1200/1251: loss=0.9772, lr=2.30e-05
2026-01-03 15:42:45 | INFO     | E 63/90: loss=0.9043, train=77.2%, val=72.23%*, 6695 img/s, belief=0.000, align=0.000
2026-01-03 15:43:03 | DEBUG    | E64 S100/1251: loss=0.9162, lr=2.28e-05
2026-01-03 15:43:18 | DEBUG    | E64 S200/1251: loss=1.0148, lr=2.27e-05
2026-01-03 15:43:33 | DEBUG    | E64 S300/1251: loss=0.8985, lr=2.25e-05
2026-01-03 15:43:49 | DEBUG    | E64 S400/1251: loss=0.9495, lr=2.24e-05
2026-01-03 15:44:04 | DEBUG    | E64 S500/1251: loss=0.7426, lr=2.23e-05
2026-01-03 15:44:20 | DEBUG    | E64 S600/1251: loss=0.9234, lr=2.22e-05
2026-01-03 15:44:35 | DEBUG    | E64 S700/1251: loss=0.9753, lr=2.20e-05
2026-01-03 15:44:51 | DEBUG    | E64 S800/1251: loss=0.9839, lr=2.19e-05
2026-01-03 15:45:06 | DEBUG    | E64 S900/1251: loss=0.9313, lr=2.18e-05
2026-01-03 15:45:21 | DEBUG    | E64 S1000/1251: loss=0.8236, lr=2.17e-05
2026-01-03 15:45:36 | DEBUG    | E64 S1100/1251: loss=1.0149, lr=2.15e-05
2026-01-03 15:45:52 | DEBUG    | E64 S1200/1251: loss=0.8471, lr=2.14e-05
2026-01-03 15:46:59 | INFO     | E 64/90: loss=0.8902, train=77.6%, val=72.35%*, 6692 img/s, belief=0.000, align=0.000
2026-01-03 15:47:17 | DEBUG    | E65 S100/1251: loss=1.1044, lr=2.12e-05
2026-01-03 15:47:33 | DEBUG    | E65 S200/1251: loss=0.6124, lr=2.11e-05
2026-01-03 15:47:48 | DEBUG    | E65 S300/1251: loss=1.0316, lr=2.10e-05
2026-01-03 15:48:03 | DEBUG    | E65 S400/1251: loss=0.7054, lr=2.09e-05
2026-01-03 15:48:18 | DEBUG    | E65 S500/1251: loss=0.8754, lr=2.08e-05
2026-01-03 15:48:33 | DEBUG    | E65 S600/1251: loss=0.9323, lr=2.06e-05
2026-01-03 15:48:49 | DEBUG    | E65 S700/1251: loss=0.9626, lr=2.05e-05
2026-01-03 15:49:04 | DEBUG    | E65 S800/1251: loss=0.8608, lr=2.04e-05
2026-01-03 15:49:19 | DEBUG    | E65 S900/1251: loss=0.7594, lr=2.03e-05
2026-01-03 15:49:35 | DEBUG    | E65 S1000/1251: loss=1.0456, lr=2.02e-05
2026-01-03 15:49:50 | DEBUG    | E65 S1100/1251: loss=1.1021, lr=2.00e-05
2026-01-03 15:50:05 | DEBUG    | E65 S1200/1251: loss=0.8332, lr=1.99e-05
2026-01-03 15:51:14 | INFO     | E 65/90: loss=0.8789, train=77.8%, val=72.18%, 6687 img/s, belief=0.000, align=0.000
2026-01-03 15:51:31 | DEBUG    | E66 S100/1251: loss=0.7427, lr=1.98e-05
2026-01-03 15:51:46 | DEBUG    | E66 S200/1251: loss=0.6508, lr=1.96e-05
2026-01-03 15:52:02 | DEBUG    | E66 S300/1251: loss=0.9229, lr=1.95e-05
2026-01-03 15:52:17 | DEBUG    | E66 S400/1251: loss=0.8904, lr=1.94e-05
2026-01-03 15:52:32 | DEBUG    | E66 S500/1251: loss=1.1124, lr=1.93e-05
2026-01-03 15:52:48 | DEBUG    | E66 S600/1251: loss=1.0768, lr=1.92e-05
2026-01-03 15:53:03 | DEBUG    | E66 S700/1251: loss=1.0601, lr=1.91e-05
2026-01-03 15:53:21 | DEBUG    | E66 S800/1251: loss=0.5941, lr=1.89e-05
2026-01-03 15:53:36 | DEBUG    | E66 S900/1251: loss=0.8497, lr=1.88e-05
2026-01-03 15:53:51 | DEBUG    | E66 S1000/1251: loss=0.7388, lr=1.87e-05
2026-01-03 15:54:07 | DEBUG    | E66 S1100/1251: loss=0.7196, lr=1.86e-05
2026-01-03 15:54:22 | DEBUG    | E66 S1200/1251: loss=0.6820, lr=1.85e-05
2026-01-03 15:55:31 | INFO     | E 66/90: loss=0.8637, train=78.2%, val=72.58%*, 6591 img/s, belief=0.000, align=0.000
2026-01-03 15:55:48 | DEBUG    | E67 S100/1251: loss=0.7666, lr=1.83e-05
2026-01-03 15:56:03 | DEBUG    | E67 S200/1251: loss=0.7109, lr=1.82e-05
2026-01-03 15:56:18 | DEBUG    | E67 S300/1251: loss=0.7982, lr=1.81e-05
2026-01-03 15:56:34 | DEBUG    | E67 S400/1251: loss=0.7069, lr=1.80e-05
2026-01-03 15:56:49 | DEBUG    | E67 S500/1251: loss=0.9276, lr=1.78e-05
2026-01-03 15:57:05 | DEBUG    | E67 S600/1251: loss=0.9992, lr=1.77e-05
2026-01-03 15:57:20 | DEBUG    | E67 S700/1251: loss=0.7804, lr=1.76e-05
2026-01-03 15:57:35 | DEBUG    | E67 S800/1251: loss=0.6904, lr=1.75e-05
2026-01-03 15:57:50 | DEBUG    | E67 S900/1251: loss=0.5381, lr=1.74e-05
2026-01-03 15:58:06 | DEBUG    | E67 S1000/1251: loss=1.0038, lr=1.73e-05
2026-01-03 15:58:21 | DEBUG    | E67 S1100/1251: loss=0.9563, lr=1.72e-05
2026-01-03 15:58:37 | DEBUG    | E67 S1200/1251: loss=0.9901, lr=1.71e-05
2026-01-03 15:59:44 | INFO     | E 67/90: loss=0.8473, train=78.6%, val=72.49%, 6704 img/s, belief=0.000, align=0.000
2026-01-03 16:00:03 | DEBUG    | E68 S100/1251: loss=0.7003, lr=1.69e-05
2026-01-03 16:00:18 | DEBUG    | E68 S200/1251: loss=0.7758, lr=1.68e-05
2026-01-03 16:00:38 | DEBUG    | E68 S300/1251: loss=0.7667, lr=1.67e-05
2026-01-03 16:00:53 | DEBUG    | E68 S400/1251: loss=0.8562, lr=1.66e-05
2026-01-03 16:01:08 | DEBUG    | E68 S500/1251: loss=0.8868, lr=1.65e-05
2026-01-03 16:01:23 | DEBUG    | E68 S600/1251: loss=0.7833, lr=1.63e-05
2026-01-03 16:01:38 | DEBUG    | E68 S700/1251: loss=0.6076, lr=1.62e-05
2026-01-03 16:01:53 | DEBUG    | E68 S800/1251: loss=0.7409, lr=1.61e-05
2026-01-03 16:02:09 | DEBUG    | E68 S900/1251: loss=0.6092, lr=1.60e-05
2026-01-03 16:02:23 | DEBUG    | E68 S1000/1251: loss=0.9761, lr=1.59e-05
2026-01-03 16:02:39 | DEBUG    | E68 S1100/1251: loss=0.6052, lr=1.58e-05
2026-01-03 16:02:54 | DEBUG    | E68 S1200/1251: loss=0.7654, lr=1.57e-05
2026-01-03 16:04:02 | INFO     | E 68/90: loss=0.8340, train=78.9%, val=72.49%, 6553 img/s, belief=0.000, align=0.000
2026-01-03 16:04:20 | DEBUG    | E69 S100/1251: loss=0.6060, lr=1.55e-05
2026-01-03 16:04:35 | DEBUG    | E69 S200/1251: loss=0.9004, lr=1.54e-05
2026-01-03 16:04:50 | DEBUG    | E69 S300/1251: loss=0.7840, lr=1.53e-05
2026-01-03 16:05:05 | DEBUG    | E69 S400/1251: loss=0.7143, lr=1.52e-05
2026-01-03 16:05:20 | DEBUG    | E69 S500/1251: loss=0.9799, lr=1.51e-05
2026-01-03 16:05:36 | DEBUG    | E69 S600/1251: loss=0.8761, lr=1.50e-05
2026-01-03 16:05:51 | DEBUG    | E69 S700/1251: loss=0.8404, lr=1.49e-05
2026-01-03 16:06:07 | DEBUG    | E69 S800/1251: loss=0.7430, lr=1.48e-05
2026-01-03 16:06:22 | DEBUG    | E69 S900/1251: loss=1.0579, lr=1.47e-05
2026-01-03 16:06:38 | DEBUG    | E69 S1000/1251: loss=0.7165, lr=1.46e-05
2026-01-03 16:06:54 | DEBUG    | E69 S1100/1251: loss=0.5903, lr=1.45e-05
2026-01-03 16:07:09 | DEBUG    | E69 S1200/1251: loss=0.7210, lr=1.44e-05
2026-01-03 16:08:17 | INFO     | E 69/90: loss=0.8261, train=79.1%, val=72.71%*, 6641 img/s, belief=0.000, align=0.000
2026-01-03 16:08:35 | DEBUG    | E70 S100/1251: loss=0.6101, lr=1.42e-05
2026-01-03 16:08:50 | DEBUG    | E70 S200/1251: loss=0.8682, lr=1.41e-05
2026-01-03 16:09:05 | DEBUG    | E70 S300/1251: loss=0.8410, lr=1.40e-05
2026-01-03 16:09:20 | DEBUG    | E70 S400/1251: loss=0.7321, lr=1.39e-05
2026-01-03 16:09:36 | DEBUG    | E70 S500/1251: loss=0.6879, lr=1.38e-05
2026-01-03 16:09:51 | DEBUG    | E70 S600/1251: loss=1.0967, lr=1.37e-05
2026-01-03 16:10:06 | DEBUG    | E70 S700/1251: loss=0.6784, lr=1.36e-05
2026-01-03 16:10:21 | DEBUG    | E70 S800/1251: loss=0.8497, lr=1.35e-05
2026-01-03 16:10:37 | DEBUG    | E70 S900/1251: loss=0.9711, lr=1.34e-05
2026-01-03 16:10:52 | DEBUG    | E70 S1000/1251: loss=1.0429, lr=1.33e-05
2026-01-03 16:11:07 | DEBUG    | E70 S1100/1251: loss=0.6275, lr=1.32e-05
2026-01-03 16:11:23 | DEBUG    | E70 S1200/1251: loss=0.5483, lr=1.31e-05
2026-01-03 16:12:32 | INFO     | E 70/90: loss=0.8058, train=79.5%, val=72.90%*, 6707 img/s, belief=0.000, align=0.000
2026-01-03 16:12:49 | DEBUG    | E71 S100/1251: loss=0.7176, lr=1.30e-05
2026-01-03 16:13:04 | DEBUG    | E71 S200/1251: loss=0.7964, lr=1.29e-05
2026-01-03 16:13:19 | DEBUG    | E71 S300/1251: loss=0.9666, lr=1.28e-05
2026-01-03 16:13:34 | DEBUG    | E71 S400/1251: loss=0.8354, lr=1.27e-05
2026-01-03 16:13:49 | DEBUG    | E71 S500/1251: loss=0.7802, lr=1.26e-05
2026-01-03 16:14:05 | DEBUG    | E71 S600/1251: loss=0.5564, lr=1.25e-05
2026-01-03 16:14:20 | DEBUG    | E71 S700/1251: loss=0.7311, lr=1.24e-05
2026-01-03 16:14:35 | DEBUG    | E71 S800/1251: loss=0.6488, lr=1.23e-05
2026-01-03 16:14:50 | DEBUG    | E71 S900/1251: loss=0.6401, lr=1.22e-05
2026-01-03 16:15:06 | DEBUG    | E71 S1000/1251: loss=0.8553, lr=1.21e-05
2026-01-03 16:15:21 | DEBUG    | E71 S1100/1251: loss=0.8609, lr=1.20e-05
2026-01-03 16:15:36 | DEBUG    | E71 S1200/1251: loss=0.8157, lr=1.19e-05
2026-01-03 16:16:45 | INFO     | E 71/90: loss=0.7928, train=79.9%, val=72.97%*, 6734 img/s, belief=0.000, align=0.000
2026-01-03 16:17:02 | DEBUG    | E72 S100/1251: loss=0.6346, lr=1.17e-05
2026-01-03 16:17:17 | DEBUG    | E72 S200/1251: loss=0.9931, lr=1.16e-05
2026-01-03 16:17:33 | DEBUG    | E72 S300/1251: loss=0.9440, lr=1.15e-05
2026-01-03 16:17:48 | DEBUG    | E72 S400/1251: loss=0.5008, lr=1.15e-05
2026-01-03 16:18:03 | DEBUG    | E72 S500/1251: loss=0.8563, lr=1.14e-05
2026-01-03 16:18:18 | DEBUG    | E72 S600/1251: loss=0.7627, lr=1.13e-05
2026-01-03 16:18:33 | DEBUG    | E72 S700/1251: loss=0.7972, lr=1.12e-05
2026-01-03 16:18:49 | DEBUG    | E72 S800/1251: loss=0.8411, lr=1.11e-05
2026-01-03 16:19:04 | DEBUG    | E72 S900/1251: loss=0.7074, lr=1.10e-05
2026-01-03 16:19:19 | DEBUG    | E72 S1000/1251: loss=0.7489, lr=1.09e-05
2026-01-03 16:19:34 | DEBUG    | E72 S1100/1251: loss=0.6608, lr=1.08e-05
2026-01-03 16:19:49 | DEBUG    | E72 S1200/1251: loss=0.7205, lr=1.07e-05
2026-01-03 16:20:57 | INFO     | E 72/90: loss=0.7816, train=80.1%, val=73.00%*, 6757 img/s, belief=0.000, align=0.000
2026-01-03 16:21:14 | DEBUG    | E73 S100/1251: loss=0.5503, lr=1.06e-05
2026-01-03 16:21:29 | DEBUG    | E73 S200/1251: loss=0.7615, lr=1.05e-05
2026-01-03 16:21:45 | DEBUG    | E73 S300/1251: loss=0.8134, lr=1.04e-05
2026-01-03 16:22:00 | DEBUG    | E73 S400/1251: loss=0.7106, lr=1.03e-05
2026-01-03 16:22:15 | DEBUG    | E73 S500/1251: loss=0.8024, lr=1.02e-05
2026-01-03 16:22:31 | DEBUG    | E73 S600/1251: loss=0.7251, lr=1.01e-05
2026-01-03 16:22:46 | DEBUG    | E73 S700/1251: loss=0.8871, lr=1.00e-05
2026-01-03 16:23:04 | DEBUG    | E73 S800/1251: loss=0.7019, lr=9.95e-06
2026-01-03 16:23:19 | DEBUG    | E73 S900/1251: loss=0.6892, lr=9.86e-06
2026-01-03 16:23:35 | DEBUG    | E73 S1000/1251: loss=0.6430, lr=9.77e-06
2026-01-03 16:23:50 | DEBUG    | E73 S1100/1251: loss=0.8251, lr=9.68e-06
2026-01-03 16:24:06 | DEBUG    | E73 S1200/1251: loss=0.7711, lr=9.59e-06
2026-01-03 16:25:14 | INFO     | E 73/90: loss=0.7626, train=80.6%, val=72.84%, 6617 img/s, belief=0.000, align=0.000
2026-01-03 16:25:31 | DEBUG    | E74 S100/1251: loss=0.8171, lr=9.46e-06
2026-01-03 16:25:47 | DEBUG    | E74 S200/1251: loss=0.6237, lr=9.38e-06
2026-01-03 16:26:02 | DEBUG    | E74 S300/1251: loss=0.6466, lr=9.29e-06
2026-01-03 16:26:17 | DEBUG    | E74 S400/1251: loss=0.7095, lr=9.21e-06
2026-01-03 16:26:32 | DEBUG    | E74 S500/1251: loss=0.7724, lr=9.12e-06
2026-01-03 16:26:47 | DEBUG    | E74 S600/1251: loss=0.6013, lr=9.04e-06
2026-01-03 16:27:02 | DEBUG    | E74 S700/1251: loss=0.7763, lr=8.95e-06
2026-01-03 16:27:18 | DEBUG    | E74 S800/1251: loss=0.6365, lr=8.87e-06
2026-01-03 16:27:32 | DEBUG    | E74 S900/1251: loss=0.6694, lr=8.78e-06
2026-01-03 16:27:48 | DEBUG    | E74 S1000/1251: loss=0.7538, lr=8.70e-06
2026-01-03 16:28:03 | DEBUG    | E74 S1100/1251: loss=0.8621, lr=8.62e-06
2026-01-03 16:28:18 | DEBUG    | E74 S1200/1251: loss=0.9934, lr=8.53e-06
2026-01-03 16:29:26 | INFO     | E 74/90: loss=0.7527, train=80.8%, val=73.05%*, 6760 img/s, belief=0.000, align=0.000
2026-01-03 16:29:44 | DEBUG    | E75 S100/1251: loss=0.6522, lr=8.41e-06
2026-01-03 16:29:59 | DEBUG    | E75 S200/1251: loss=0.8278, lr=8.33e-06
2026-01-03 16:30:14 | DEBUG    | E75 S300/1251: loss=0.7143, lr=8.25e-06
2026-01-03 16:30:30 | DEBUG    | E75 S400/1251: loss=0.6152, lr=8.17e-06
2026-01-03 16:30:45 | DEBUG    | E75 S500/1251: loss=0.7519, lr=8.08e-06
2026-01-03 16:31:01 | DEBUG    | E75 S600/1251: loss=0.6980, lr=8.00e-06
2026-01-03 16:31:16 | DEBUG    | E75 S700/1251: loss=0.7254, lr=7.92e-06
2026-01-03 16:31:31 | DEBUG    | E75 S800/1251: loss=0.8439, lr=7.84e-06
2026-01-03 16:31:47 | DEBUG    | E75 S900/1251: loss=0.7303, lr=7.77e-06
2026-01-03 16:32:02 | DEBUG    | E75 S1000/1251: loss=0.5662, lr=7.69e-06
2026-01-03 16:32:17 | DEBUG    | E75 S1100/1251: loss=0.8893, lr=7.61e-06
2026-01-03 16:32:32 | DEBUG    | E75 S1200/1251: loss=0.7028, lr=7.53e-06
2026-01-03 16:33:40 | INFO     | E 75/90: loss=0.7451, train=81.1%, val=73.06%*, 6662 img/s, belief=0.000, align=0.000
2026-01-03 16:33:58 | DEBUG    | E76 S100/1251: loss=0.7139, lr=7.41e-06
2026-01-03 16:34:13 | DEBUG    | E76 S200/1251: loss=0.7213, lr=7.34e-06
2026-01-03 16:34:29 | DEBUG    | E76 S300/1251: loss=0.5976, lr=7.26e-06
2026-01-03 16:34:45 | DEBUG    | E76 S400/1251: loss=0.4505, lr=7.18e-06
2026-01-03 16:35:00 | DEBUG    | E76 S500/1251: loss=0.6192, lr=7.11e-06
2026-01-03 16:35:15 | DEBUG    | E76 S600/1251: loss=0.4749, lr=7.03e-06
2026-01-03 16:35:31 | DEBUG    | E76 S700/1251: loss=0.7777, lr=6.95e-06
2026-01-03 16:35:46 | DEBUG    | E76 S800/1251: loss=0.8297, lr=6.88e-06
2026-01-03 16:36:02 | DEBUG    | E76 S900/1251: loss=0.5540, lr=6.81e-06
2026-01-03 16:36:18 | DEBUG    | E76 S1000/1251: loss=0.6664, lr=6.73e-06
2026-01-03 16:36:33 | DEBUG    | E76 S1100/1251: loss=0.7862, lr=6.66e-06
2026-01-03 16:36:49 | DEBUG    | E76 S1200/1251: loss=0.6407, lr=6.58e-06
2026-01-03 16:37:58 | INFO     | E 76/90: loss=0.7325, train=81.4%, val=73.01%, 6603 img/s, belief=0.000, align=0.000
2026-01-03 16:38:16 | DEBUG    | E77 S100/1251: loss=0.5691, lr=6.47e-06
2026-01-03 16:38:31 | DEBUG    | E77 S200/1251: loss=0.6982, lr=6.40e-06
2026-01-03 16:38:47 | DEBUG    | E77 S300/1251: loss=0.7641, lr=6.33e-06
2026-01-03 16:39:02 | DEBUG    | E77 S400/1251: loss=0.7046, lr=6.26e-06
2026-01-03 16:39:17 | DEBUG    | E77 S500/1251: loss=0.7948, lr=6.19e-06
2026-01-03 16:39:32 | DEBUG    | E77 S600/1251: loss=0.7622, lr=6.11e-06
2026-01-03 16:39:46 | DEBUG    | E77 S700/1251: loss=0.6574, lr=6.04e-06
2026-01-03 16:40:01 | DEBUG    | E77 S800/1251: loss=0.8590, lr=5.97e-06
2026-01-03 16:40:17 | DEBUG    | E77 S900/1251: loss=0.7601, lr=5.90e-06
2026-01-03 16:40:32 | DEBUG    | E77 S1000/1251: loss=0.7347, lr=5.83e-06
2026-01-03 16:40:47 | DEBUG    | E77 S1100/1251: loss=0.8834, lr=5.77e-06
2026-01-03 16:41:03 | DEBUG    | E77 S1200/1251: loss=0.7095, lr=5.70e-06
2026-01-03 16:42:11 | INFO     | E 77/90: loss=0.7243, train=81.8%, val=73.08%*, 6708 img/s, belief=0.000, align=0.000
2026-01-03 16:42:28 | DEBUG    | E78 S100/1251: loss=0.5805, lr=5.59e-06
2026-01-03 16:42:43 | DEBUG    | E78 S200/1251: loss=0.7228, lr=5.53e-06
2026-01-03 16:42:58 | DEBUG    | E78 S300/1251: loss=0.7475, lr=5.46e-06
2026-01-03 16:43:13 | DEBUG    | E78 S400/1251: loss=0.9788, lr=5.39e-06
2026-01-03 16:43:28 | DEBUG    | E78 S500/1251: loss=0.8727, lr=5.33e-06
2026-01-03 16:43:44 | DEBUG    | E78 S600/1251: loss=0.6855, lr=5.26e-06
2026-01-03 16:43:59 | DEBUG    | E78 S700/1251: loss=0.8109, lr=5.19e-06
2026-01-03 16:44:15 | DEBUG    | E78 S800/1251: loss=0.6709, lr=5.13e-06
2026-01-03 16:44:30 | DEBUG    | E78 S900/1251: loss=0.7750, lr=5.06e-06
2026-01-03 16:44:46 | DEBUG    | E78 S1000/1251: loss=0.8335, lr=5.00e-06
2026-01-03 16:45:01 | DEBUG    | E78 S1100/1251: loss=0.6514, lr=4.93e-06
2026-01-03 16:45:16 | DEBUG    | E78 S1200/1251: loss=0.6289, lr=4.87e-06
2026-01-03 16:46:24 | INFO     | E 78/90: loss=0.7139, train=82.0%, val=73.18%*, 6717 img/s, belief=0.000, align=0.000
2026-01-03 16:46:42 | DEBUG    | E79 S100/1251: loss=0.5794, lr=4.78e-06
2026-01-03 16:46:58 | DEBUG    | E79 S200/1251: loss=0.6399, lr=4.71e-06
2026-01-03 16:47:13 | DEBUG    | E79 S300/1251: loss=0.7470, lr=4.65e-06
2026-01-03 16:47:29 | DEBUG    | E79 S400/1251: loss=0.5935, lr=4.59e-06
2026-01-03 16:47:43 | DEBUG    | E79 S500/1251: loss=0.6389, lr=4.53e-06
2026-01-03 16:47:58 | DEBUG    | E79 S600/1251: loss=0.5702, lr=4.47e-06
2026-01-03 16:48:13 | DEBUG    | E79 S700/1251: loss=0.6174, lr=4.40e-06
2026-01-03 16:48:28 | DEBUG    | E79 S800/1251: loss=0.7504, lr=4.34e-06
2026-01-03 16:48:44 | DEBUG    | E79 S900/1251: loss=0.8762, lr=4.28e-06
2026-01-03 16:48:59 | DEBUG    | E79 S1000/1251: loss=0.5969, lr=4.22e-06
2026-01-03 16:49:15 | DEBUG    | E79 S1100/1251: loss=0.8040, lr=4.16e-06
2026-01-03 16:49:30 | DEBUG    | E79 S1200/1251: loss=0.8403, lr=4.11e-06
2026-01-03 16:50:38 | INFO     | E 79/90: loss=0.7039, train=82.2%, val=73.21%*, 6696 img/s, belief=0.000, align=0.000
2026-01-03 16:50:56 | DEBUG    | E80 S100/1251: loss=0.5545, lr=4.02e-06
2026-01-03 16:51:11 | DEBUG    | E80 S200/1251: loss=0.6912, lr=3.96e-06
2026-01-03 16:51:26 | DEBUG    | E80 S300/1251: loss=0.5434, lr=3.90e-06
2026-01-03 16:51:42 | DEBUG    | E80 S400/1251: loss=0.5439, lr=3.85e-06
2026-01-03 16:51:57 | DEBUG    | E80 S500/1251: loss=0.6448, lr=3.79e-06
2026-01-03 16:52:12 | DEBUG    | E80 S600/1251: loss=0.5041, lr=3.73e-06
2026-01-03 16:52:30 | DEBUG    | E80 S700/1251: loss=0.7716, lr=3.68e-06
2026-01-03 16:52:46 | DEBUG    | E80 S800/1251: loss=0.7076, lr=3.62e-06
2026-01-03 16:53:01 | DEBUG    | E80 S900/1251: loss=0.5760, lr=3.57e-06
2026-01-03 16:53:16 | DEBUG    | E80 S1000/1251: loss=0.6826, lr=3.51e-06
2026-01-03 16:53:32 | DEBUG    | E80 S1100/1251: loss=0.5559, lr=3.46e-06
2026-01-03 16:53:48 | DEBUG    | E80 S1200/1251: loss=0.6952, lr=3.40e-06
2026-01-03 16:54:56 | INFO     | E 80/90: loss=0.6997, train=82.4%, val=73.37%*, 6562 img/s, belief=0.000, align=0.000
2026-01-03 16:55:13 | DEBUG    | E81 S100/1251: loss=0.8004, lr=3.32e-06
2026-01-03 16:55:29 | DEBUG    | E81 S200/1251: loss=0.6091, lr=3.27e-06
2026-01-03 16:55:44 | DEBUG    | E81 S300/1251: loss=0.5992, lr=3.22e-06
2026-01-03 16:55:58 | DEBUG    | E81 S400/1251: loss=0.5254, lr=3.17e-06
2026-01-03 16:56:13 | DEBUG    | E81 S500/1251: loss=0.6667, lr=3.12e-06
2026-01-03 16:56:29 | DEBUG    | E81 S600/1251: loss=0.5105, lr=3.06e-06
2026-01-03 16:56:44 | DEBUG    | E81 S700/1251: loss=0.6706, lr=3.01e-06
2026-01-03 16:57:00 | DEBUG    | E81 S800/1251: loss=0.6971, lr=2.96e-06
2026-01-03 16:57:14 | DEBUG    | E81 S900/1251: loss=0.7198, lr=2.91e-06
2026-01-03 16:57:30 | DEBUG    | E81 S1000/1251: loss=0.5985, lr=2.86e-06
2026-01-03 16:57:46 | DEBUG    | E81 S1100/1251: loss=0.7980, lr=2.81e-06
2026-01-03 16:58:01 | DEBUG    | E81 S1200/1251: loss=0.8348, lr=2.77e-06
2026-01-03 16:59:10 | INFO     | E 81/90: loss=0.6852, train=82.7%, val=73.39%*, 6739 img/s, belief=0.000, align=0.000
2026-01-03 16:59:26 | DEBUG    | E82 S100/1251: loss=0.8066, lr=2.69e-06
2026-01-03 16:59:42 | DEBUG    | E82 S200/1251: loss=0.4369, lr=2.65e-06
2026-01-03 16:59:57 | DEBUG    | E82 S300/1251: loss=0.6087, lr=2.60e-06
2026-01-03 17:00:12 | DEBUG    | E82 S400/1251: loss=0.8931, lr=2.55e-06
2026-01-03 17:00:28 | DEBUG    | E82 S500/1251: loss=0.8217, lr=2.51e-06
2026-01-03 17:00:43 | DEBUG    | E82 S600/1251: loss=0.7509, lr=2.46e-06
2026-01-03 17:00:58 | DEBUG    | E82 S700/1251: loss=0.6398, lr=2.41e-06
2026-01-03 17:01:13 | DEBUG    | E82 S800/1251: loss=0.4975, lr=2.37e-06
2026-01-03 17:01:29 | DEBUG    | E82 S900/1251: loss=0.5405, lr=2.32e-06
2026-01-03 17:01:44 | DEBUG    | E82 S1000/1251: loss=0.5571, lr=2.28e-06
2026-01-03 17:01:59 | DEBUG    | E82 S1100/1251: loss=0.6927, lr=2.24e-06
2026-01-03 17:02:14 | DEBUG    | E82 S1200/1251: loss=0.5030, lr=2.19e-06
2026-01-03 17:03:22 | INFO     | E 82/90: loss=0.6868, train=82.6%, val=73.32%, 6739 img/s, belief=0.000, align=0.000
2026-01-03 17:03:40 | DEBUG    | E83 S100/1251: loss=0.7025, lr=2.13e-06
2026-01-03 17:03:55 | DEBUG    | E83 S200/1251: loss=0.7354, lr=2.08e-06
2026-01-03 17:04:10 | DEBUG    | E83 S300/1251: loss=0.7507, lr=2.04e-06
2026-01-03 17:04:25 | DEBUG    | E83 S400/1251: loss=0.7114, lr=2.00e-06
2026-01-03 17:04:41 | DEBUG    | E83 S500/1251: loss=0.6026, lr=1.96e-06
2026-01-03 17:04:55 | DEBUG    | E83 S600/1251: loss=0.6480, lr=1.92e-06
2026-01-03 17:05:11 | DEBUG    | E83 S700/1251: loss=0.5849, lr=1.88e-06
2026-01-03 17:05:26 | DEBUG    | E83 S800/1251: loss=0.5794, lr=1.84e-06
2026-01-03 17:05:41 | DEBUG    | E83 S900/1251: loss=0.4869, lr=1.80e-06
2026-01-03 17:05:57 | DEBUG    | E83 S1000/1251: loss=0.6414, lr=1.76e-06
2026-01-03 17:06:13 | DEBUG    | E83 S1100/1251: loss=0.6336, lr=1.72e-06
2026-01-03 17:06:28 | DEBUG    | E83 S1200/1251: loss=0.7487, lr=1.68e-06
2026-01-03 17:07:36 | INFO     | E 83/90: loss=0.6789, train=82.9%, val=73.43%*, 6681 img/s, belief=0.000, align=0.000
2026-01-03 17:07:54 | DEBUG    | E84 S100/1251: loss=0.6160, lr=1.63e-06
2026-01-03 17:08:09 | DEBUG    | E84 S200/1251: loss=0.6763, lr=1.59e-06
2026-01-03 17:08:24 | DEBUG    | E84 S300/1251: loss=0.4563, lr=1.55e-06
2026-01-03 17:08:39 | DEBUG    | E84 S400/1251: loss=0.7103, lr=1.52e-06
2026-01-03 17:08:54 | DEBUG    | E84 S500/1251: loss=0.6981, lr=1.48e-06
2026-01-03 17:09:09 | DEBUG    | E84 S600/1251: loss=0.6429, lr=1.45e-06
2026-01-03 17:09:24 | DEBUG    | E84 S700/1251: loss=0.7108, lr=1.41e-06
2026-01-03 17:09:39 | DEBUG    | E84 S800/1251: loss=0.5953, lr=1.38e-06
2026-01-03 17:09:54 | DEBUG    | E84 S900/1251: loss=0.6778, lr=1.34e-06
2026-01-03 17:10:09 | DEBUG    | E84 S1000/1251: loss=0.6392, lr=1.31e-06
2026-01-03 17:10:25 | DEBUG    | E84 S1100/1251: loss=0.6712, lr=1.27e-06
2026-01-03 17:10:41 | DEBUG    | E84 S1200/1251: loss=0.5826, lr=1.24e-06
2026-01-03 17:11:49 | INFO     | E 84/90: loss=0.6723, train=83.0%, val=73.58%*, 6741 img/s, belief=0.000, align=0.000
2026-01-03 17:12:07 | DEBUG    | E85 S100/1251: loss=0.6364, lr=1.19e-06
2026-01-03 17:12:21 | DEBUG    | E85 S200/1251: loss=0.4294, lr=1.16e-06
2026-01-03 17:12:37 | DEBUG    | E85 S300/1251: loss=0.8005, lr=1.13e-06
2026-01-03 17:12:51 | DEBUG    | E85 S400/1251: loss=0.6866, lr=1.10e-06
2026-01-03 17:13:07 | DEBUG    | E85 S500/1251: loss=0.6416, lr=1.07e-06
2026-01-03 17:13:22 | DEBUG    | E85 S600/1251: loss=0.5815, lr=1.04e-06
2026-01-03 17:13:38 | DEBUG    | E85 S700/1251: loss=0.6194, lr=1.01e-06
2026-01-03 17:13:53 | DEBUG    | E85 S800/1251: loss=0.5084, lr=9.78e-07
2026-01-03 17:14:08 | DEBUG    | E85 S900/1251: loss=0.8165, lr=9.50e-07
2026-01-03 17:14:23 | DEBUG    | E85 S1000/1251: loss=0.6720, lr=9.21e-07
2026-01-03 17:14:38 | DEBUG    | E85 S1100/1251: loss=0.5728, lr=8.93e-07
2026-01-03 17:14:54 | DEBUG    | E85 S1200/1251: loss=0.6380, lr=8.66e-07
2026-01-03 17:16:01 | INFO     | E 85/90: loss=0.6694, train=83.1%, val=73.59%*, 6756 img/s, belief=0.000, align=0.000
2026-01-03 17:16:19 | DEBUG    | E86 S100/1251: loss=0.6283, lr=8.25e-07
2026-01-03 17:16:34 | DEBUG    | E86 S200/1251: loss=0.6910, lr=7.98e-07
2026-01-03 17:16:50 | DEBUG    | E86 S300/1251: loss=0.6189, lr=7.72e-07
2026-01-03 17:17:05 | DEBUG    | E86 S400/1251: loss=0.5631, lr=7.46e-07
2026-01-03 17:17:20 | DEBUG    | E86 S500/1251: loss=0.9187, lr=7.21e-07
2026-01-03 17:17:36 | DEBUG    | E86 S600/1251: loss=0.7405, lr=6.96e-07
2026-01-03 17:17:51 | DEBUG    | E86 S700/1251: loss=0.8714, lr=6.72e-07
2026-01-03 17:18:06 | DEBUG    | E86 S800/1251: loss=0.8127, lr=6.48e-07
2026-01-03 17:18:21 | DEBUG    | E86 S900/1251: loss=0.6761, lr=6.25e-07
2026-01-03 17:18:36 | DEBUG    | E86 S1000/1251: loss=0.8226, lr=6.02e-07
2026-01-03 17:18:52 | DEBUG    | E86 S1100/1251: loss=0.8061, lr=5.79e-07
2026-01-03 17:19:07 | DEBUG    | E86 S1200/1251: loss=0.7124, lr=5.57e-07
2026-01-03 17:20:15 | INFO     | E 86/90: loss=0.6685, train=83.1%, val=73.60%*, 6709 img/s, belief=0.000, align=0.000
2026-01-03 17:20:32 | DEBUG    | E87 S100/1251: loss=0.8897, lr=5.24e-07
2026-01-03 17:20:48 | DEBUG    | E87 S200/1251: loss=0.6533, lr=5.03e-07
2026-01-03 17:21:03 | DEBUG    | E87 S300/1251: loss=0.5644, lr=4.82e-07
2026-01-03 17:21:18 | DEBUG    | E87 S400/1251: loss=0.4936, lr=4.62e-07
2026-01-03 17:21:34 | DEBUG    | E87 S500/1251: loss=0.5128, lr=4.42e-07
2026-01-03 17:21:49 | DEBUG    | E87 S600/1251: loss=0.4774, lr=4.23e-07
2026-01-03 17:22:04 | DEBUG    | E87 S700/1251: loss=0.6462, lr=4.04e-07
2026-01-03 17:22:19 | DEBUG    | E87 S800/1251: loss=0.7933, lr=3.85e-07
2026-01-03 17:22:34 | DEBUG    | E87 S900/1251: loss=0.6998, lr=3.67e-07
2026-01-03 17:22:49 | DEBUG    | E87 S1000/1251: loss=0.6943, lr=3.50e-07
2026-01-03 17:23:04 | DEBUG    | E87 S1100/1251: loss=0.5085, lr=3.32e-07
2026-01-03 17:23:22 | DEBUG    | E87 S1200/1251: loss=0.5291, lr=3.16e-07
2026-01-03 17:24:30 | INFO     | E 87/90: loss=0.6627, train=83.2%, val=73.57%, 6639 img/s, belief=0.000, align=0.000
2026-01-03 17:24:49 | DEBUG    | E88 S100/1251: loss=0.6533, lr=2.91e-07
2026-01-03 17:25:04 | DEBUG    | E88 S200/1251: loss=0.5274, lr=2.75e-07
2026-01-03 17:25:20 | DEBUG    | E88 S300/1251: loss=0.3638, lr=2.60e-07
2026-01-03 17:25:34 | DEBUG    | E88 S400/1251: loss=0.7528, lr=2.45e-07
2026-01-03 17:25:50 | DEBUG    | E88 S500/1251: loss=0.9262, lr=2.31e-07
2026-01-03 17:26:04 | DEBUG    | E88 S600/1251: loss=0.6426, lr=2.17e-07
2026-01-03 17:26:19 | DEBUG    | E88 S700/1251: loss=0.5949, lr=2.03e-07
2026-01-03 17:26:35 | DEBUG    | E88 S800/1251: loss=0.6078, lr=1.90e-07
2026-01-03 17:26:51 | DEBUG    | E88 S900/1251: loss=0.7815, lr=1.78e-07
2026-01-03 17:27:06 | DEBUG    | E88 S1000/1251: loss=0.5804, lr=1.65e-07
2026-01-03 17:27:21 | DEBUG    | E88 S1100/1251: loss=0.6193, lr=1.54e-07
2026-01-03 17:27:37 | DEBUG    | E88 S1200/1251: loss=0.6663, lr=1.42e-07
2026-01-03 17:28:45 | INFO     | E 88/90: loss=0.6620, train=83.3%, val=73.56%, 6667 img/s, belief=0.000, align=0.000
2026-01-03 17:29:04 | DEBUG    | E89 S100/1251: loss=0.5076, lr=1.26e-07
2026-01-03 17:29:18 | DEBUG    | E89 S200/1251: loss=0.6261, lr=1.16e-07
2026-01-03 17:29:34 | DEBUG    | E89 S300/1251: loss=0.5798, lr=1.06e-07
2026-01-03 17:29:48 | DEBUG    | E89 S400/1251: loss=0.5442, lr=9.65e-08
2026-01-03 17:30:04 | DEBUG    | E89 S500/1251: loss=0.7301, lr=8.75e-08
2026-01-03 17:30:19 | DEBUG    | E89 S600/1251: loss=0.6627, lr=7.90e-08
2026-01-03 17:30:34 | DEBUG    | E89 S700/1251: loss=0.8162, lr=7.09e-08
2026-01-03 17:30:50 | DEBUG    | E89 S800/1251: loss=0.8621, lr=6.33e-08
2026-01-03 17:31:05 | DEBUG    | E89 S900/1251: loss=0.5787, lr=5.61e-08
2026-01-03 17:31:20 | DEBUG    | E89 S1000/1251: loss=0.6728, lr=4.93e-08
2026-01-03 17:31:36 | DEBUG    | E89 S1100/1251: loss=0.5088, lr=4.29e-08
2026-01-03 17:31:52 | DEBUG    | E89 S1200/1251: loss=0.6156, lr=3.70e-08
2026-01-03 17:33:00 | INFO     | E 89/90: loss=0.6628, train=83.3%, val=73.52%, 6663 img/s, belief=0.000, align=0.000
2026-01-03 17:33:18 | DEBUG    | E90 S100/1251: loss=0.7839, lr=2.90e-08
2026-01-03 17:33:33 | DEBUG    | E90 S200/1251: loss=0.9147, lr=2.41e-08
2026-01-03 17:33:48 | DEBUG    | E90 S300/1251: loss=0.6483, lr=1.98e-08
2026-01-03 17:34:04 | DEBUG    | E90 S400/1251: loss=0.5427, lr=1.58e-08
2026-01-03 17:34:19 | DEBUG    | E90 S500/1251: loss=0.8763, lr=1.23e-08
2026-01-03 17:34:34 | DEBUG    | E90 S600/1251: loss=0.5781, lr=9.28e-09
2026-01-03 17:34:50 | DEBUG    | E90 S700/1251: loss=0.4714, lr=6.65e-09
2026-01-03 17:35:06 | DEBUG    | E90 S800/1251: loss=0.6330, lr=4.46e-09
2026-01-03 17:35:21 | DEBUG    | E90 S900/1251: loss=0.9436, lr=2.70e-09
2026-01-03 17:35:37 | DEBUG    | E90 S1000/1251: loss=0.7385, lr=1.39e-09
2026-01-03 17:35:53 | DEBUG    | E90 S1100/1251: loss=0.6200, lr=5.04e-10
2026-01-03 17:36:09 | DEBUG    | E90 S1200/1251: loss=0.5569, lr=5.90e-11
2026-01-03 17:37:17 | INFO     | E 90/90: loss=0.6655, train=83.3%, val=73.63%*, 6566 img/s, belief=0.000, align=0.000
2026-01-03 17:37:17 | INFO     | Training complete. Best: 73.63%
2026-01-03 17:37:18 | INFO     | ======================================================================
2026-01-03 17:37:18 | INFO     | Model: resnet50 | Optimizer: rlo
2026-01-03 17:37:18 | INFO     | Global batch: 1024 | Per-GPU: 128 | Epochs: 90
2026-01-03 17:37:18 | INFO     | LR: 0.0001 | WD: 0.5
2026-01-03 17:37:18 | INFO     | ======================================================================
2026-01-03 17:37:22 | INFO     | Train: 1281167 samples, 1251 steps/epoch
2026-01-03 17:37:22 | INFO     | Val: 50000 samples
2026-01-03 17:37:22 | INFO     | Parameters: 25.6M
2026-01-03 17:37:42 | DEBUG    | E1 S100/1251: loss=7.0283, lr=1.58e-06
2026-01-03 17:37:58 | DEBUG    | E1 S200/1251: loss=6.8960, lr=3.18e-06
2026-01-03 17:38:13 | DEBUG    | E1 S300/1251: loss=6.8848, lr=4.78e-06
2026-01-03 17:38:29 | DEBUG    | E1 S400/1251: loss=6.7666, lr=6.38e-06
2026-01-03 17:38:45 | DEBUG    | E1 S500/1251: loss=6.6578, lr=7.98e-06
2026-01-03 17:39:00 | DEBUG    | E1 S600/1251: loss=6.5859, lr=9.58e-06
2026-01-03 17:39:16 | DEBUG    | E1 S700/1251: loss=6.3245, lr=1.12e-05
2026-01-03 17:39:32 | DEBUG    | E1 S800/1251: loss=6.3091, lr=1.28e-05
2026-01-03 17:39:47 | DEBUG    | E1 S900/1251: loss=6.0464, lr=1.44e-05
2026-01-03 17:40:03 | DEBUG    | E1 S1000/1251: loss=6.0950, lr=1.60e-05
2026-01-03 17:40:19 | DEBUG    | E1 S1100/1251: loss=5.7197, lr=1.76e-05
2026-01-03 17:40:34 | DEBUG    | E1 S1200/1251: loss=5.4110, lr=1.92e-05
2026-01-03 17:41:43 | INFO     | E  1/90: loss=6.4162, train=1.8%, val=6.76%*, 6467 img/s, belief=1.269, align=0.154
2026-01-03 17:42:02 | DEBUG    | E2 S100/1251: loss=5.3639, lr=2.16e-05
2026-01-03 17:42:17 | DEBUG    | E2 S200/1251: loss=5.3941, lr=2.32e-05
2026-01-03 17:42:33 | DEBUG    | E2 S300/1251: loss=5.2101, lr=2.48e-05
2026-01-03 17:42:49 | DEBUG    | E2 S400/1251: loss=5.1346, lr=2.64e-05
2026-01-03 17:43:04 | DEBUG    | E2 S500/1251: loss=4.7754, lr=2.80e-05
2026-01-03 17:43:20 | DEBUG    | E2 S600/1251: loss=4.8114, lr=2.96e-05
2026-01-03 17:43:36 | DEBUG    | E2 S700/1251: loss=4.7728, lr=3.12e-05
2026-01-03 17:43:51 | DEBUG    | E2 S800/1251: loss=4.5369, lr=3.28e-05
2026-01-03 17:44:07 | DEBUG    | E2 S900/1251: loss=4.3290, lr=3.44e-05
2026-01-03 17:44:23 | DEBUG    | E2 S1000/1251: loss=4.4420, lr=3.60e-05
2026-01-03 17:44:39 | DEBUG    | E2 S1100/1251: loss=4.1170, lr=3.76e-05
2026-01-03 17:44:54 | DEBUG    | E2 S1200/1251: loss=4.3201, lr=3.92e-05
2026-01-03 17:46:04 | INFO     | E  2/90: loss=4.7886, train=12.6%, val=21.86%*, 6493 img/s, belief=1.269, align=0.140
2026-01-03 17:46:22 | DEBUG    | E3 S100/1251: loss=4.2674, lr=4.16e-05
2026-01-03 17:46:38 | DEBUG    | E3 S200/1251: loss=3.8921, lr=4.32e-05
2026-01-03 17:46:54 | DEBUG    | E3 S300/1251: loss=3.9931, lr=4.48e-05
2026-01-03 17:47:10 | DEBUG    | E3 S400/1251: loss=3.7138, lr=4.64e-05
2026-01-03 17:47:25 | DEBUG    | E3 S500/1251: loss=3.9137, lr=4.80e-05
2026-01-03 17:47:41 | DEBUG    | E3 S600/1251: loss=3.8246, lr=4.96e-05
2026-01-03 17:47:57 | DEBUG    | E3 S700/1251: loss=3.7039, lr=5.12e-05
2026-01-03 17:48:12 | DEBUG    | E3 S800/1251: loss=3.5500, lr=5.28e-05
2026-01-03 17:48:28 | DEBUG    | E3 S900/1251: loss=3.5425, lr=5.44e-05
2026-01-03 17:48:44 | DEBUG    | E3 S1000/1251: loss=3.2818, lr=5.60e-05
2026-01-03 17:49:00 | DEBUG    | E3 S1100/1251: loss=3.1741, lr=5.76e-05
2026-01-03 17:49:15 | DEBUG    | E3 S1200/1251: loss=3.4846, lr=5.92e-05
2026-01-03 17:50:24 | INFO     | E  3/90: loss=3.7112, train=25.7%, val=33.97%*, 6488 img/s, belief=1.269, align=0.147
2026-01-03 17:50:43 | DEBUG    | E4 S100/1251: loss=3.4634, lr=6.16e-05
2026-01-03 17:50:59 | DEBUG    | E4 S200/1251: loss=3.2873, lr=6.32e-05
2026-01-03 17:51:14 | DEBUG    | E4 S300/1251: loss=3.1801, lr=6.48e-05
2026-01-03 17:51:30 | DEBUG    | E4 S400/1251: loss=3.1556, lr=6.64e-05
2026-01-03 17:51:46 | DEBUG    | E4 S500/1251: loss=3.1461, lr=6.80e-05
2026-01-03 17:52:02 | DEBUG    | E4 S600/1251: loss=3.0747, lr=6.96e-05
2026-01-03 17:52:17 | DEBUG    | E4 S700/1251: loss=2.6288, lr=7.12e-05
2026-01-03 17:52:33 | DEBUG    | E4 S800/1251: loss=3.1408, lr=7.28e-05
2026-01-03 17:52:49 | DEBUG    | E4 S900/1251: loss=3.0777, lr=7.44e-05
2026-01-03 17:53:04 | DEBUG    | E4 S1000/1251: loss=2.9220, lr=7.60e-05
2026-01-03 17:53:20 | DEBUG    | E4 S1100/1251: loss=3.0827, lr=7.76e-05
2026-01-03 17:53:36 | DEBUG    | E4 S1200/1251: loss=3.0610, lr=7.92e-05
2026-01-03 17:54:47 | INFO     | E  4/90: loss=3.1008, train=35.2%, val=41.57%*, 6474 img/s, belief=1.269, align=0.149
2026-01-03 17:55:06 | DEBUG    | E5 S100/1251: loss=3.0785, lr=8.16e-05
2026-01-03 17:55:22 | DEBUG    | E5 S200/1251: loss=3.1698, lr=8.32e-05
2026-01-03 17:55:38 | DEBUG    | E5 S300/1251: loss=2.6451, lr=8.48e-05
2026-01-03 17:55:54 | DEBUG    | E5 S400/1251: loss=2.7157, lr=8.64e-05
2026-01-03 17:56:10 | DEBUG    | E5 S500/1251: loss=2.8112, lr=8.80e-05
2026-01-03 17:56:25 | DEBUG    | E5 S600/1251: loss=2.5933, lr=8.96e-05
2026-01-03 17:56:41 | DEBUG    | E5 S700/1251: loss=2.7376, lr=9.12e-05
2026-01-03 17:56:57 | DEBUG    | E5 S800/1251: loss=2.9170, lr=9.28e-05
2026-01-03 17:57:12 | DEBUG    | E5 S900/1251: loss=2.6122, lr=9.44e-05
2026-01-03 17:57:28 | DEBUG    | E5 S1000/1251: loss=2.4396, lr=9.60e-05
2026-01-03 17:57:44 | DEBUG    | E5 S1100/1251: loss=2.5684, lr=9.76e-05
2026-01-03 17:58:00 | DEBUG    | E5 S1200/1251: loss=2.7664, lr=9.92e-05
2026-01-03 17:59:09 | INFO     | E  5/90: loss=2.7610, train=40.8%, val=46.73%*, 6446 img/s, belief=1.269, align=0.150
2026-01-03 17:59:28 | DEBUG    | E6 S100/1251: loss=2.6836, lr=1.00e-04
2026-01-03 17:59:44 | DEBUG    | E6 S200/1251: loss=2.4703, lr=1.00e-04
2026-01-03 17:59:59 | DEBUG    | E6 S300/1251: loss=2.5100, lr=1.00e-04
2026-01-03 18:00:15 | DEBUG    | E6 S400/1251: loss=2.5338, lr=1.00e-04
2026-01-03 18:00:31 | DEBUG    | E6 S500/1251: loss=2.4659, lr=1.00e-04
2026-01-03 18:00:47 | DEBUG    | E6 S600/1251: loss=2.4870, lr=1.00e-04
2026-01-03 18:01:02 | DEBUG    | E6 S700/1251: loss=2.4637, lr=1.00e-04
2026-01-03 18:01:18 | DEBUG    | E6 S800/1251: loss=2.8201, lr=1.00e-04
2026-01-03 18:01:34 | DEBUG    | E6 S900/1251: loss=2.7783, lr=1.00e-04
2026-01-03 18:01:50 | DEBUG    | E6 S1000/1251: loss=2.5429, lr=1.00e-04
2026-01-03 18:02:06 | DEBUG    | E6 S1100/1251: loss=2.3399, lr=1.00e-04
2026-01-03 18:02:21 | DEBUG    | E6 S1200/1251: loss=2.5774, lr=1.00e-04
2026-01-03 18:03:30 | INFO     | E  6/90: loss=2.5191, train=45.1%, val=51.15%*, 6473 img/s, belief=1.269, align=0.149
2026-01-03 18:03:49 | DEBUG    | E7 S100/1251: loss=2.8084, lr=1.00e-04
2026-01-03 18:04:05 | DEBUG    | E7 S200/1251: loss=2.2629, lr=1.00e-04
2026-01-03 18:04:21 | DEBUG    | E7 S300/1251: loss=2.8455, lr=9.99e-05
2026-01-03 18:04:36 | DEBUG    | E7 S400/1251: loss=2.5821, lr=9.99e-05
2026-01-03 18:04:52 | DEBUG    | E7 S500/1251: loss=1.9339, lr=9.99e-05
2026-01-03 18:05:08 | DEBUG    | E7 S600/1251: loss=2.1849, lr=9.99e-05
2026-01-03 18:05:24 | DEBUG    | E7 S700/1251: loss=2.3707, lr=9.99e-05
2026-01-03 18:05:40 | DEBUG    | E7 S800/1251: loss=2.1375, lr=9.99e-05
2026-01-03 18:05:55 | DEBUG    | E7 S900/1251: loss=2.4112, lr=9.99e-05
2026-01-03 18:06:11 | DEBUG    | E7 S1000/1251: loss=2.3082, lr=9.99e-05
2026-01-03 18:06:27 | DEBUG    | E7 S1100/1251: loss=2.2415, lr=9.99e-05
2026-01-03 18:06:43 | DEBUG    | E7 S1200/1251: loss=2.5849, lr=9.99e-05
2026-01-03 18:07:53 | INFO     | E  7/90: loss=2.3167, train=48.6%, val=54.01%*, 6429 img/s, belief=1.269, align=0.148
2026-01-03 18:08:12 | DEBUG    | E8 S100/1251: loss=2.0399, lr=9.99e-05
2026-01-03 18:08:27 | DEBUG    | E8 S200/1251: loss=2.3252, lr=9.98e-05
2026-01-03 18:08:43 | DEBUG    | E8 S300/1251: loss=2.1887, lr=9.98e-05
2026-01-03 18:08:59 | DEBUG    | E8 S400/1251: loss=2.4335, lr=9.98e-05
2026-01-03 18:09:14 | DEBUG    | E8 S500/1251: loss=2.4056, lr=9.98e-05
2026-01-03 18:09:30 | DEBUG    | E8 S600/1251: loss=2.1672, lr=9.98e-05
2026-01-03 18:09:46 | DEBUG    | E8 S700/1251: loss=2.1557, lr=9.98e-05
2026-01-03 18:10:02 | DEBUG    | E8 S800/1251: loss=1.8039, lr=9.98e-05
2026-01-03 18:10:17 | DEBUG    | E8 S900/1251: loss=2.5791, lr=9.97e-05
2026-01-03 18:10:33 | DEBUG    | E8 S1000/1251: loss=2.1870, lr=9.97e-05
2026-01-03 18:10:49 | DEBUG    | E8 S1100/1251: loss=2.2212, lr=9.97e-05
2026-01-03 18:11:05 | DEBUG    | E8 S1200/1251: loss=1.9920, lr=9.97e-05
2026-01-03 18:12:14 | INFO     | E  8/90: loss=2.1604, train=51.6%, val=56.27%*, 6468 img/s, belief=1.269, align=0.147
2026-01-03 18:12:33 | DEBUG    | E9 S100/1251: loss=2.1161, lr=9.97e-05
2026-01-03 18:12:49 | DEBUG    | E9 S200/1251: loss=2.1186, lr=9.97e-05
2026-01-03 18:13:04 | DEBUG    | E9 S300/1251: loss=2.0835, lr=9.96e-05
2026-01-03 18:13:20 | DEBUG    | E9 S400/1251: loss=1.8309, lr=9.96e-05
2026-01-03 18:13:36 | DEBUG    | E9 S500/1251: loss=2.1691, lr=9.96e-05
2026-01-03 18:13:51 | DEBUG    | E9 S600/1251: loss=1.9125, lr=9.96e-05
2026-01-03 18:14:07 | DEBUG    | E9 S700/1251: loss=2.2748, lr=9.96e-05
2026-01-03 18:14:23 | DEBUG    | E9 S800/1251: loss=2.2753, lr=9.95e-05
2026-01-03 18:14:39 | DEBUG    | E9 S900/1251: loss=2.1648, lr=9.95e-05
2026-01-03 18:14:54 | DEBUG    | E9 S1000/1251: loss=2.1397, lr=9.95e-05
2026-01-03 18:15:10 | DEBUG    | E9 S1100/1251: loss=2.1146, lr=9.95e-05
2026-01-03 18:15:26 | DEBUG    | E9 S1200/1251: loss=1.8184, lr=9.95e-05
2026-01-03 18:16:35 | INFO     | E  9/90: loss=2.0489, train=53.7%, val=58.23%*, 6475 img/s, belief=1.269, align=0.147
2026-01-03 18:16:54 | DEBUG    | E10 S100/1251: loss=2.1357, lr=9.94e-05
2026-01-03 18:17:10 | DEBUG    | E10 S200/1251: loss=2.5784, lr=9.94e-05
2026-01-03 18:17:25 | DEBUG    | E10 S300/1251: loss=1.8835, lr=9.94e-05
2026-01-03 18:17:41 | DEBUG    | E10 S400/1251: loss=2.2577, lr=9.94e-05
2026-01-03 18:17:57 | DEBUG    | E10 S500/1251: loss=1.9490, lr=9.93e-05
2026-01-03 18:18:12 | DEBUG    | E10 S600/1251: loss=2.0640, lr=9.93e-05
2026-01-03 18:18:28 | DEBUG    | E10 S700/1251: loss=1.6399, lr=9.93e-05
2026-01-03 18:18:44 | DEBUG    | E10 S800/1251: loss=2.1300, lr=9.93e-05
2026-01-03 18:19:00 | DEBUG    | E10 S900/1251: loss=2.1247, lr=9.92e-05
2026-01-03 18:19:15 | DEBUG    | E10 S1000/1251: loss=1.8744, lr=9.92e-05
2026-01-03 18:19:31 | DEBUG    | E10 S1100/1251: loss=2.0415, lr=9.92e-05
2026-01-03 18:19:47 | DEBUG    | E10 S1200/1251: loss=1.7219, lr=9.92e-05
2026-01-03 18:20:56 | INFO     | E 10/90: loss=1.9609, train=55.3%, val=59.60%*, 6485 img/s, belief=1.269, align=0.146
2026-01-03 18:21:15 | DEBUG    | E11 S100/1251: loss=2.0208, lr=9.91e-05
2026-01-03 18:21:31 | DEBUG    | E11 S200/1251: loss=1.5318, lr=9.91e-05
2026-01-03 18:21:46 | DEBUG    | E11 S300/1251: loss=1.6386, lr=9.91e-05
2026-01-03 18:22:02 | DEBUG    | E11 S400/1251: loss=1.7990, lr=9.90e-05
2026-01-03 18:22:18 | DEBUG    | E11 S500/1251: loss=1.6371, lr=9.90e-05
2026-01-03 18:22:33 | DEBUG    | E11 S600/1251: loss=2.0245, lr=9.90e-05
2026-01-03 18:22:49 | DEBUG    | E11 S700/1251: loss=1.8984, lr=9.89e-05
2026-01-03 18:23:05 | DEBUG    | E11 S800/1251: loss=1.9529, lr=9.89e-05
2026-01-03 18:23:20 | DEBUG    | E11 S900/1251: loss=1.8274, lr=9.89e-05
2026-01-03 18:23:36 | DEBUG    | E11 S1000/1251: loss=2.2857, lr=9.89e-05
2026-01-03 18:23:52 | DEBUG    | E11 S1100/1251: loss=1.8337, lr=9.88e-05
2026-01-03 18:24:08 | DEBUG    | E11 S1200/1251: loss=2.0556, lr=9.88e-05
2026-01-03 18:25:20 | INFO     | E 11/90: loss=1.8808, train=57.0%, val=61.10%*, 6468 img/s, belief=1.269, align=0.146
2026-01-03 18:25:39 | DEBUG    | E12 S100/1251: loss=2.0875, lr=9.87e-05
2026-01-03 18:25:55 | DEBUG    | E12 S200/1251: loss=2.1940, lr=9.87e-05
2026-01-03 18:26:11 | DEBUG    | E12 S300/1251: loss=1.6733, lr=9.87e-05
2026-01-03 18:26:27 | DEBUG    | E12 S400/1251: loss=1.9004, lr=9.86e-05
2026-01-03 18:26:43 | DEBUG    | E12 S500/1251: loss=1.4347, lr=9.86e-05
2026-01-03 18:26:58 | DEBUG    | E12 S600/1251: loss=1.8289, lr=9.86e-05
2026-01-03 18:27:14 | DEBUG    | E12 S700/1251: loss=1.7966, lr=9.85e-05
2026-01-03 18:27:30 | DEBUG    | E12 S800/1251: loss=2.0883, lr=9.85e-05
2026-01-03 18:27:46 | DEBUG    | E12 S900/1251: loss=1.9532, lr=9.85e-05
2026-01-03 18:28:01 | DEBUG    | E12 S1000/1251: loss=1.8887, lr=9.84e-05
2026-01-03 18:28:17 | DEBUG    | E12 S1100/1251: loss=1.7120, lr=9.84e-05
2026-01-03 18:28:33 | DEBUG    | E12 S1200/1251: loss=1.7280, lr=9.84e-05
2026-01-03 18:29:42 | INFO     | E 12/90: loss=1.8312, train=57.9%, val=61.91%*, 6445 img/s, belief=1.269, align=0.146
2026-01-03 18:30:01 | DEBUG    | E13 S100/1251: loss=1.9908, lr=9.83e-05
2026-01-03 18:30:17 | DEBUG    | E13 S200/1251: loss=1.8131, lr=9.83e-05
2026-01-03 18:30:33 | DEBUG    | E13 S300/1251: loss=1.7371, lr=9.82e-05
2026-01-03 18:30:49 | DEBUG    | E13 S400/1251: loss=1.9544, lr=9.82e-05
2026-01-03 18:31:04 | DEBUG    | E13 S500/1251: loss=1.4417, lr=9.81e-05
2026-01-03 18:31:20 | DEBUG    | E13 S600/1251: loss=1.8821, lr=9.81e-05
2026-01-03 18:31:36 | DEBUG    | E13 S700/1251: loss=1.9410, lr=9.81e-05
2026-01-03 18:31:51 | DEBUG    | E13 S800/1251: loss=2.0197, lr=9.80e-05
2026-01-03 18:32:07 | DEBUG    | E13 S900/1251: loss=1.8585, lr=9.80e-05
2026-01-03 18:32:23 | DEBUG    | E13 S1000/1251: loss=1.5581, lr=9.79e-05
2026-01-03 18:32:39 | DEBUG    | E13 S1100/1251: loss=1.8365, lr=9.79e-05
2026-01-03 18:32:55 | DEBUG    | E13 S1200/1251: loss=2.1884, lr=9.79e-05
2026-01-03 18:34:04 | INFO     | E 13/90: loss=1.7724, train=59.0%, val=62.55%*, 6468 img/s, belief=1.269, align=0.145
2026-01-03 18:34:23 | DEBUG    | E14 S100/1251: loss=2.0057, lr=9.78e-05
2026-01-03 18:34:39 | DEBUG    | E14 S200/1251: loss=1.7053, lr=9.77e-05
2026-01-03 18:34:54 | DEBUG    | E14 S300/1251: loss=1.6360, lr=9.77e-05
2026-01-03 18:35:10 | DEBUG    | E14 S400/1251: loss=1.7717, lr=9.77e-05
2026-01-03 18:35:25 | DEBUG    | E14 S500/1251: loss=1.6500, lr=9.76e-05
2026-01-03 18:35:41 | DEBUG    | E14 S600/1251: loss=1.7452, lr=9.76e-05
2026-01-03 18:35:57 | DEBUG    | E14 S700/1251: loss=1.6089, lr=9.75e-05
2026-01-03 18:36:13 | DEBUG    | E14 S800/1251: loss=1.5440, lr=9.75e-05
2026-01-03 18:36:29 | DEBUG    | E14 S900/1251: loss=1.6934, lr=9.74e-05
2026-01-03 18:36:45 | DEBUG    | E14 S1000/1251: loss=1.7793, lr=9.74e-05
2026-01-03 18:37:01 | DEBUG    | E14 S1100/1251: loss=1.8763, lr=9.73e-05
2026-01-03 18:37:17 | DEBUG    | E14 S1200/1251: loss=2.0197, lr=9.73e-05
2026-01-03 18:38:26 | INFO     | E 14/90: loss=1.7312, train=59.9%, val=63.30%*, 6438 img/s, belief=1.269, align=0.145
2026-01-03 18:38:45 | DEBUG    | E15 S100/1251: loss=1.9744, lr=9.72e-05
2026-01-03 18:39:01 | DEBUG    | E15 S200/1251: loss=1.9546, lr=9.72e-05
2026-01-03 18:39:17 | DEBUG    | E15 S300/1251: loss=1.6307, lr=9.71e-05
2026-01-03 18:39:32 | DEBUG    | E15 S400/1251: loss=1.8838, lr=9.71e-05
2026-01-03 18:39:48 | DEBUG    | E15 S500/1251: loss=1.6255, lr=9.70e-05
2026-01-03 18:40:04 | DEBUG    | E15 S600/1251: loss=2.1949, lr=9.70e-05
2026-01-03 18:40:19 | DEBUG    | E15 S700/1251: loss=1.8685, lr=9.69e-05
2026-01-03 18:40:35 | DEBUG    | E15 S800/1251: loss=1.4587, lr=9.69e-05
2026-01-03 18:40:51 | DEBUG    | E15 S900/1251: loss=1.6635, lr=9.68e-05
2026-01-03 18:41:07 | DEBUG    | E15 S1000/1251: loss=1.4738, lr=9.68e-05
2026-01-03 18:41:23 | DEBUG    | E15 S1100/1251: loss=1.4930, lr=9.67e-05
2026-01-03 18:41:39 | DEBUG    | E15 S1200/1251: loss=1.6968, lr=9.67e-05
2026-01-03 18:42:48 | INFO     | E 15/90: loss=1.6773, train=60.9%, val=63.78%*, 6454 img/s, belief=1.269, align=0.145
2026-01-03 18:43:07 | DEBUG    | E16 S100/1251: loss=1.9372, lr=9.66e-05
2026-01-03 18:43:22 | DEBUG    | E16 S200/1251: loss=1.4970, lr=9.65e-05
2026-01-03 18:43:38 | DEBUG    | E16 S300/1251: loss=1.4659, lr=9.65e-05
2026-01-03 18:43:54 | DEBUG    | E16 S400/1251: loss=1.8797, lr=9.64e-05
2026-01-03 18:44:09 | DEBUG    | E16 S500/1251: loss=1.6506, lr=9.64e-05
2026-01-03 18:44:25 | DEBUG    | E16 S600/1251: loss=1.3639, lr=9.63e-05
2026-01-03 18:44:41 | DEBUG    | E16 S700/1251: loss=1.7687, lr=9.62e-05
2026-01-03 18:44:57 | DEBUG    | E16 S800/1251: loss=1.7757, lr=9.62e-05
2026-01-03 18:45:12 | DEBUG    | E16 S900/1251: loss=1.7576, lr=9.61e-05
2026-01-03 18:45:28 | DEBUG    | E16 S1000/1251: loss=1.5935, lr=9.61e-05
2026-01-03 18:45:44 | DEBUG    | E16 S1100/1251: loss=1.8295, lr=9.60e-05
2026-01-03 18:46:00 | DEBUG    | E16 S1200/1251: loss=1.7736, lr=9.60e-05
2026-01-03 18:47:09 | INFO     | E 16/90: loss=1.6458, train=61.5%, val=64.53%*, 6479 img/s, belief=1.269, align=0.145
2026-01-03 18:47:28 | DEBUG    | E17 S100/1251: loss=1.7013, lr=9.59e-05
2026-01-03 18:47:43 | DEBUG    | E17 S200/1251: loss=1.5967, lr=9.58e-05
2026-01-03 18:47:59 | DEBUG    | E17 S300/1251: loss=1.4736, lr=9.57e-05
2026-01-03 18:48:15 | DEBUG    | E17 S400/1251: loss=1.5987, lr=9.57e-05
2026-01-03 18:48:30 | DEBUG    | E17 S500/1251: loss=1.5199, lr=9.56e-05
2026-01-03 18:48:46 | DEBUG    | E17 S600/1251: loss=1.5852, lr=9.56e-05
2026-01-03 18:49:02 | DEBUG    | E17 S700/1251: loss=1.5847, lr=9.55e-05
2026-01-03 18:49:17 | DEBUG    | E17 S800/1251: loss=1.7854, lr=9.54e-05
2026-01-03 18:49:33 | DEBUG    | E17 S900/1251: loss=1.7981, lr=9.54e-05
2026-01-03 18:49:49 | DEBUG    | E17 S1000/1251: loss=1.6750, lr=9.53e-05
2026-01-03 18:50:05 | DEBUG    | E17 S1100/1251: loss=1.8757, lr=9.53e-05
2026-01-03 18:50:21 | DEBUG    | E17 S1200/1251: loss=1.7207, lr=9.52e-05
2026-01-03 18:51:30 | INFO     | E 17/90: loss=1.6147, train=62.2%, val=65.50%*, 6482 img/s, belief=1.269, align=0.145
2026-01-03 18:51:49 | DEBUG    | E18 S100/1251: loss=1.6403, lr=9.51e-05
2026-01-03 18:52:04 | DEBUG    | E18 S200/1251: loss=1.4376, lr=9.50e-05
2026-01-03 18:52:20 | DEBUG    | E18 S300/1251: loss=1.8551, lr=9.50e-05
2026-01-03 18:52:36 | DEBUG    | E18 S400/1251: loss=1.5691, lr=9.49e-05
2026-01-03 18:52:52 | DEBUG    | E18 S500/1251: loss=1.6992, lr=9.48e-05
2026-01-03 18:53:07 | DEBUG    | E18 S600/1251: loss=1.6151, lr=9.48e-05
2026-01-03 18:53:23 | DEBUG    | E18 S700/1251: loss=1.7341, lr=9.47e-05
2026-01-03 18:53:39 | DEBUG    | E18 S800/1251: loss=1.4710, lr=9.46e-05
2026-01-03 18:53:54 | DEBUG    | E18 S900/1251: loss=1.4312, lr=9.46e-05
2026-01-03 18:54:10 | DEBUG    | E18 S1000/1251: loss=1.9555, lr=9.45e-05
2026-01-03 18:54:26 | DEBUG    | E18 S1100/1251: loss=1.8248, lr=9.44e-05
2026-01-03 18:54:42 | DEBUG    | E18 S1200/1251: loss=1.3957, lr=9.44e-05
2026-01-03 18:55:53 | INFO     | E 18/90: loss=1.5778, train=62.9%, val=65.83%*, 6481 img/s, belief=1.269, align=0.145
2026-01-03 18:56:12 | DEBUG    | E19 S100/1251: loss=1.5887, lr=9.43e-05
2026-01-03 18:56:28 | DEBUG    | E19 S200/1251: loss=1.8228, lr=9.42e-05
2026-01-03 18:56:44 | DEBUG    | E19 S300/1251: loss=1.4177, lr=9.41e-05
2026-01-03 18:57:00 | DEBUG    | E19 S400/1251: loss=1.6349, lr=9.41e-05
2026-01-03 18:57:16 | DEBUG    | E19 S500/1251: loss=1.4246, lr=9.40e-05
2026-01-03 18:57:32 | DEBUG    | E19 S600/1251: loss=1.4688, lr=9.39e-05
2026-01-03 18:57:48 | DEBUG    | E19 S700/1251: loss=1.3432, lr=9.39e-05
2026-01-03 18:58:03 | DEBUG    | E19 S800/1251: loss=1.4700, lr=9.38e-05
2026-01-03 18:58:19 | DEBUG    | E19 S900/1251: loss=1.9370, lr=9.37e-05
2026-01-03 18:58:35 | DEBUG    | E19 S1000/1251: loss=1.4960, lr=9.36e-05
2026-01-03 18:58:51 | DEBUG    | E19 S1100/1251: loss=1.9859, lr=9.36e-05
2026-01-03 18:59:07 | DEBUG    | E19 S1200/1251: loss=1.7329, lr=9.35e-05
2026-01-03 19:00:16 | INFO     | E 19/90: loss=1.5619, train=63.2%, val=65.75%, 6431 img/s, belief=1.269, align=0.145
2026-01-03 19:00:35 | DEBUG    | E20 S100/1251: loss=1.5405, lr=9.34e-05
2026-01-03 19:00:50 | DEBUG    | E20 S200/1251: loss=1.2976, lr=9.33e-05
2026-01-03 19:01:06 | DEBUG    | E20 S300/1251: loss=1.4156, lr=9.32e-05
2026-01-03 19:01:22 | DEBUG    | E20 S400/1251: loss=1.4976, lr=9.32e-05
2026-01-03 19:01:37 | DEBUG    | E20 S500/1251: loss=1.4795, lr=9.31e-05
2026-01-03 19:01:53 | DEBUG    | E20 S600/1251: loss=1.5877, lr=9.30e-05
2026-01-03 19:02:09 | DEBUG    | E20 S700/1251: loss=1.6117, lr=9.29e-05
2026-01-03 19:02:25 | DEBUG    | E20 S800/1251: loss=1.1567, lr=9.29e-05
2026-01-03 19:02:41 | DEBUG    | E20 S900/1251: loss=1.5046, lr=9.28e-05
2026-01-03 19:02:56 | DEBUG    | E20 S1000/1251: loss=1.4928, lr=9.27e-05
2026-01-03 19:03:12 | DEBUG    | E20 S1100/1251: loss=1.6318, lr=9.26e-05
2026-01-03 19:03:28 | DEBUG    | E20 S1200/1251: loss=1.5581, lr=9.26e-05
2026-01-03 19:04:38 | INFO     | E 20/90: loss=1.5285, train=64.0%, val=66.35%*, 6459 img/s, belief=1.269, align=0.145
2026-01-03 19:04:56 | DEBUG    | E21 S100/1251: loss=1.4555, lr=9.24e-05
2026-01-03 19:05:12 | DEBUG    | E21 S200/1251: loss=1.3572, lr=9.24e-05
2026-01-03 19:05:27 | DEBUG    | E21 S300/1251: loss=1.6189, lr=9.23e-05
2026-01-03 19:05:43 | DEBUG    | E21 S400/1251: loss=1.3849, lr=9.22e-05
2026-01-03 19:05:59 | DEBUG    | E21 S500/1251: loss=1.3775, lr=9.21e-05
2026-01-03 19:06:15 | DEBUG    | E21 S600/1251: loss=1.3750, lr=9.20e-05
2026-01-03 19:06:30 | DEBUG    | E21 S700/1251: loss=1.3057, lr=9.20e-05
2026-01-03 19:06:46 | DEBUG    | E21 S800/1251: loss=1.6340, lr=9.19e-05
2026-01-03 19:07:02 | DEBUG    | E21 S900/1251: loss=1.3899, lr=9.18e-05
2026-01-03 19:07:18 | DEBUG    | E21 S1000/1251: loss=1.7542, lr=9.17e-05
2026-01-03 19:07:34 | DEBUG    | E21 S1100/1251: loss=1.4992, lr=9.16e-05
2026-01-03 19:07:49 | DEBUG    | E21 S1200/1251: loss=1.5757, lr=9.16e-05
2026-01-03 19:08:59 | INFO     | E 21/90: loss=1.5150, train=64.1%, val=66.54%*, 6472 img/s, belief=1.269, align=0.145
2026-01-03 19:09:18 | DEBUG    | E22 S100/1251: loss=1.7407, lr=9.14e-05
2026-01-03 19:09:34 | DEBUG    | E22 S200/1251: loss=1.4101, lr=9.13e-05
2026-01-03 19:09:49 | DEBUG    | E22 S300/1251: loss=1.3780, lr=9.13e-05
2026-01-03 19:10:05 | DEBUG    | E22 S400/1251: loss=1.5254, lr=9.12e-05
2026-01-03 19:10:20 | DEBUG    | E22 S500/1251: loss=1.7631, lr=9.11e-05
2026-01-03 19:10:36 | DEBUG    | E22 S600/1251: loss=1.4744, lr=9.10e-05
2026-01-03 19:10:52 | DEBUG    | E22 S700/1251: loss=1.8182, lr=9.09e-05
2026-01-03 19:11:07 | DEBUG    | E22 S800/1251: loss=1.7106, lr=9.08e-05
2026-01-03 19:11:23 | DEBUG    | E22 S900/1251: loss=1.6220, lr=9.08e-05
2026-01-03 19:11:39 | DEBUG    | E22 S1000/1251: loss=1.4118, lr=9.07e-05
2026-01-03 19:11:55 | DEBUG    | E22 S1100/1251: loss=1.8849, lr=9.06e-05
2026-01-03 19:12:11 | DEBUG    | E22 S1200/1251: loss=1.4865, lr=9.05e-05
2026-01-03 19:13:20 | INFO     | E 22/90: loss=1.4937, train=64.5%, val=66.83%*, 6483 img/s, belief=1.269, align=0.145
2026-01-03 19:13:39 | DEBUG    | E23 S100/1251: loss=1.3657, lr=9.04e-05
2026-01-03 19:13:55 | DEBUG    | E23 S200/1251: loss=1.3485, lr=9.03e-05
2026-01-03 19:14:10 | DEBUG    | E23 S300/1251: loss=1.8413, lr=9.02e-05
2026-01-03 19:14:26 | DEBUG    | E23 S400/1251: loss=1.4243, lr=9.01e-05
2026-01-03 19:14:42 | DEBUG    | E23 S500/1251: loss=1.4210, lr=9.00e-05
2026-01-03 19:14:57 | DEBUG    | E23 S600/1251: loss=1.3405, lr=8.99e-05
2026-01-03 19:15:13 | DEBUG    | E23 S700/1251: loss=1.4647, lr=8.98e-05
2026-01-03 19:15:29 | DEBUG    | E23 S800/1251: loss=1.4117, lr=8.97e-05
2026-01-03 19:15:45 | DEBUG    | E23 S900/1251: loss=1.6723, lr=8.97e-05
2026-01-03 19:16:00 | DEBUG    | E23 S1000/1251: loss=1.1778, lr=8.96e-05
2026-01-03 19:16:16 | DEBUG    | E23 S1100/1251: loss=1.2785, lr=8.95e-05
2026-01-03 19:16:32 | DEBUG    | E23 S1200/1251: loss=1.5758, lr=8.94e-05
2026-01-03 19:17:42 | INFO     | E 23/90: loss=1.4659, train=65.1%, val=67.03%*, 6496 img/s, belief=1.269, align=0.144
2026-01-03 19:18:00 | DEBUG    | E24 S100/1251: loss=1.6161, lr=8.92e-05
2026-01-03 19:18:16 | DEBUG    | E24 S200/1251: loss=1.5218, lr=8.92e-05
2026-01-03 19:18:32 | DEBUG    | E24 S300/1251: loss=1.0274, lr=8.91e-05
2026-01-03 19:18:47 | DEBUG    | E24 S400/1251: loss=1.3643, lr=8.90e-05
2026-01-03 19:19:03 | DEBUG    | E24 S500/1251: loss=1.4338, lr=8.89e-05
2026-01-03 19:19:19 | DEBUG    | E24 S600/1251: loss=1.4114, lr=8.88e-05
2026-01-03 19:19:34 | DEBUG    | E24 S700/1251: loss=1.3168, lr=8.87e-05
2026-01-03 19:19:50 | DEBUG    | E24 S800/1251: loss=1.2959, lr=8.86e-05
2026-01-03 19:20:06 | DEBUG    | E24 S900/1251: loss=1.3141, lr=8.85e-05
2026-01-03 19:20:22 | DEBUG    | E24 S1000/1251: loss=1.7317, lr=8.84e-05
2026-01-03 19:20:38 | DEBUG    | E24 S1100/1251: loss=1.7867, lr=8.83e-05
2026-01-03 19:20:53 | DEBUG    | E24 S1200/1251: loss=1.6614, lr=8.82e-05
2026-01-03 19:22:02 | INFO     | E 24/90: loss=1.4479, train=65.4%, val=67.42%*, 6504 img/s, belief=1.269, align=0.144
2026-01-03 19:22:21 | DEBUG    | E25 S100/1251: loss=1.5497, lr=8.81e-05
2026-01-03 19:22:37 | DEBUG    | E25 S200/1251: loss=1.6172, lr=8.80e-05
2026-01-03 19:22:53 | DEBUG    | E25 S300/1251: loss=1.4938, lr=8.79e-05
2026-01-03 19:23:08 | DEBUG    | E25 S400/1251: loss=1.6751, lr=8.78e-05
2026-01-03 19:23:24 | DEBUG    | E25 S500/1251: loss=1.3708, lr=8.77e-05
2026-01-03 19:23:40 | DEBUG    | E25 S600/1251: loss=1.4203, lr=8.76e-05
2026-01-03 19:23:55 | DEBUG    | E25 S700/1251: loss=1.3162, lr=8.75e-05
2026-01-03 19:24:11 | DEBUG    | E25 S800/1251: loss=1.5169, lr=8.74e-05
2026-01-03 19:24:27 | DEBUG    | E25 S900/1251: loss=1.2026, lr=8.73e-05
2026-01-03 19:24:42 | DEBUG    | E25 S1000/1251: loss=1.5913, lr=8.72e-05
2026-01-03 19:24:58 | DEBUG    | E25 S1100/1251: loss=1.7220, lr=8.71e-05
2026-01-03 19:25:14 | DEBUG    | E25 S1200/1251: loss=1.6602, lr=8.70e-05
2026-01-03 19:26:23 | INFO     | E 25/90: loss=1.4324, train=65.8%, val=67.21%, 6500 img/s, belief=1.269, align=0.144
2026-01-03 19:26:42 | DEBUG    | E26 S100/1251: loss=1.4812, lr=8.69e-05
2026-01-03 19:26:58 | DEBUG    | E26 S200/1251: loss=1.5587, lr=8.68e-05
2026-01-03 19:27:15 | DEBUG    | E26 S300/1251: loss=1.2203, lr=8.67e-05
2026-01-03 19:27:31 | DEBUG    | E26 S400/1251: loss=1.2666, lr=8.66e-05
2026-01-03 19:27:47 | DEBUG    | E26 S500/1251: loss=1.6712, lr=8.64e-05
2026-01-03 19:28:02 | DEBUG    | E26 S600/1251: loss=1.4323, lr=8.63e-05
2026-01-03 19:28:18 | DEBUG    | E26 S700/1251: loss=1.3710, lr=8.62e-05
2026-01-03 19:28:34 | DEBUG    | E26 S800/1251: loss=1.3954, lr=8.61e-05
2026-01-03 19:28:50 | DEBUG    | E26 S900/1251: loss=1.1550, lr=8.60e-05
2026-01-03 19:29:05 | DEBUG    | E26 S1000/1251: loss=1.2591, lr=8.59e-05
2026-01-03 19:29:21 | DEBUG    | E26 S1100/1251: loss=1.6703, lr=8.58e-05
2026-01-03 19:29:37 | DEBUG    | E26 S1200/1251: loss=1.3810, lr=8.57e-05
2026-01-03 19:30:46 | INFO     | E 26/90: loss=1.4090, train=66.2%, val=67.58%*, 6419 img/s, belief=1.269, align=0.144
2026-01-03 19:31:05 | DEBUG    | E27 S100/1251: loss=0.9481, lr=8.56e-05
2026-01-03 19:31:21 | DEBUG    | E27 S200/1251: loss=1.4968, lr=8.55e-05
2026-01-03 19:31:36 | DEBUG    | E27 S300/1251: loss=1.2467, lr=8.54e-05
2026-01-03 19:31:52 | DEBUG    | E27 S400/1251: loss=1.3814, lr=8.53e-05
2026-01-03 19:32:08 | DEBUG    | E27 S500/1251: loss=1.5069, lr=8.52e-05
2026-01-03 19:32:23 | DEBUG    | E27 S600/1251: loss=1.4398, lr=8.51e-05
2026-01-03 19:32:39 | DEBUG    | E27 S700/1251: loss=1.6627, lr=8.49e-05
2026-01-03 19:32:55 | DEBUG    | E27 S800/1251: loss=1.1948, lr=8.48e-05
2026-01-03 19:33:11 | DEBUG    | E27 S900/1251: loss=1.2493, lr=8.47e-05
2026-01-03 19:33:26 | DEBUG    | E27 S1000/1251: loss=1.2359, lr=8.46e-05
2026-01-03 19:33:42 | DEBUG    | E27 S1100/1251: loss=1.8411, lr=8.45e-05
2026-01-03 19:33:58 | DEBUG    | E27 S1200/1251: loss=1.5397, lr=8.44e-05
2026-01-03 19:35:07 | INFO     | E 27/90: loss=1.3882, train=66.6%, val=67.91%*, 6490 img/s, belief=1.269, align=0.144
2026-01-03 19:35:26 | DEBUG    | E28 S100/1251: loss=1.4348, lr=8.43e-05
2026-01-03 19:35:42 | DEBUG    | E28 S200/1251: loss=1.3417, lr=8.41e-05
2026-01-03 19:35:57 | DEBUG    | E28 S300/1251: loss=1.4672, lr=8.40e-05
2026-01-03 19:36:13 | DEBUG    | E28 S400/1251: loss=1.2068, lr=8.39e-05
2026-01-03 19:36:29 | DEBUG    | E28 S500/1251: loss=1.1338, lr=8.38e-05
2026-01-03 19:36:44 | DEBUG    | E28 S600/1251: loss=1.4330, lr=8.37e-05
2026-01-03 19:37:00 | DEBUG    | E28 S700/1251: loss=1.1765, lr=8.36e-05
2026-01-03 19:37:16 | DEBUG    | E28 S800/1251: loss=1.3724, lr=8.35e-05
2026-01-03 19:37:32 | DEBUG    | E28 S900/1251: loss=1.7119, lr=8.34e-05
2026-01-03 19:37:48 | DEBUG    | E28 S1000/1251: loss=1.4580, lr=8.33e-05
2026-01-03 19:38:04 | DEBUG    | E28 S1100/1251: loss=1.3351, lr=8.32e-05
2026-01-03 19:38:20 | DEBUG    | E28 S1200/1251: loss=1.4430, lr=8.31e-05
2026-01-03 19:39:29 | INFO     | E 28/90: loss=1.3782, train=66.9%, val=68.05%*, 6453 img/s, belief=1.269, align=0.144
2026-01-03 19:39:48 | DEBUG    | E29 S100/1251: loss=1.4205, lr=8.29e-05
2026-01-03 19:40:04 | DEBUG    | E29 S200/1251: loss=1.4376, lr=8.28e-05
2026-01-03 19:40:19 | DEBUG    | E29 S300/1251: loss=1.1880, lr=8.27e-05
2026-01-03 19:40:35 | DEBUG    | E29 S400/1251: loss=1.2203, lr=8.26e-05
2026-01-03 19:40:51 | DEBUG    | E29 S500/1251: loss=1.3154, lr=8.24e-05
2026-01-03 19:41:07 | DEBUG    | E29 S600/1251: loss=1.2585, lr=8.23e-05
2026-01-03 19:41:22 | DEBUG    | E29 S700/1251: loss=1.4959, lr=8.22e-05
2026-01-03 19:41:38 | DEBUG    | E29 S800/1251: loss=1.1853, lr=8.21e-05
2026-01-03 19:41:54 | DEBUG    | E29 S900/1251: loss=1.4030, lr=8.20e-05
2026-01-03 19:42:10 | DEBUG    | E29 S1000/1251: loss=1.2734, lr=8.19e-05
2026-01-03 19:42:25 | DEBUG    | E29 S1100/1251: loss=1.0749, lr=8.18e-05
2026-01-03 19:42:40 | DEBUG    | E29 S1200/1251: loss=1.7355, lr=8.16e-05
2026-01-03 19:43:50 | INFO     | E 29/90: loss=1.3734, train=67.0%, val=67.57%, 6489 img/s, belief=1.269, align=0.144
2026-01-03 19:44:08 | DEBUG    | E30 S100/1251: loss=1.1412, lr=8.15e-05
2026-01-03 19:44:24 | DEBUG    | E30 S200/1251: loss=1.3336, lr=8.14e-05
2026-01-03 19:44:40 | DEBUG    | E30 S300/1251: loss=1.2043, lr=8.12e-05
2026-01-03 19:44:56 | DEBUG    | E30 S400/1251: loss=1.4464, lr=8.11e-05
2026-01-03 19:45:11 | DEBUG    | E30 S500/1251: loss=1.2871, lr=8.10e-05
2026-01-03 19:45:27 | DEBUG    | E30 S600/1251: loss=1.4965, lr=8.09e-05
2026-01-03 19:45:43 | DEBUG    | E30 S700/1251: loss=1.3584, lr=8.08e-05
2026-01-03 19:45:59 | DEBUG    | E30 S800/1251: loss=1.3074, lr=8.07e-05
2026-01-03 19:46:14 | DEBUG    | E30 S900/1251: loss=1.3540, lr=8.05e-05
2026-01-03 19:46:30 | DEBUG    | E30 S1000/1251: loss=1.4105, lr=8.04e-05
2026-01-03 19:46:46 | DEBUG    | E30 S1100/1251: loss=1.5846, lr=8.03e-05
2026-01-03 19:47:02 | DEBUG    | E30 S1200/1251: loss=1.2081, lr=8.02e-05
2026-01-03 19:48:11 | INFO     | E 30/90: loss=1.3579, train=67.3%, val=68.31%*, 6478 img/s, belief=1.269, align=0.144
2026-01-03 19:48:30 | DEBUG    | E31 S100/1251: loss=1.3345, lr=8.00e-05
2026-01-03 19:48:46 | DEBUG    | E31 S200/1251: loss=1.4906, lr=7.99e-05
2026-01-03 19:49:01 | DEBUG    | E31 S300/1251: loss=1.1384, lr=7.98e-05
2026-01-03 19:49:17 | DEBUG    | E31 S400/1251: loss=1.3826, lr=7.97e-05
2026-01-03 19:49:33 | DEBUG    | E31 S500/1251: loss=1.5394, lr=7.95e-05
2026-01-03 19:49:48 | DEBUG    | E31 S600/1251: loss=1.3092, lr=7.94e-05
2026-01-03 19:50:04 | DEBUG    | E31 S700/1251: loss=1.2533, lr=7.93e-05
2026-01-03 19:50:20 | DEBUG    | E31 S800/1251: loss=1.5730, lr=7.92e-05
2026-01-03 19:50:35 | DEBUG    | E31 S900/1251: loss=1.4899, lr=7.91e-05
2026-01-03 19:50:51 | DEBUG    | E31 S1000/1251: loss=1.1944, lr=7.89e-05
2026-01-03 19:51:07 | DEBUG    | E31 S1100/1251: loss=1.6707, lr=7.88e-05
2026-01-03 19:51:22 | DEBUG    | E31 S1200/1251: loss=1.3134, lr=7.87e-05
2026-01-03 19:52:32 | INFO     | E 31/90: loss=1.3417, train=67.5%, val=68.47%*, 6484 img/s, belief=1.269, align=0.144
2026-01-03 19:52:51 | DEBUG    | E32 S100/1251: loss=1.1459, lr=7.85e-05
2026-01-03 19:53:06 | DEBUG    | E32 S200/1251: loss=1.0549, lr=7.84e-05
2026-01-03 19:53:22 | DEBUG    | E32 S300/1251: loss=1.1924, lr=7.83e-05
2026-01-03 19:53:38 | DEBUG    | E32 S400/1251: loss=1.1608, lr=7.82e-05
2026-01-03 19:53:53 | DEBUG    | E32 S500/1251: loss=1.2289, lr=7.80e-05
2026-01-03 19:54:09 | DEBUG    | E32 S600/1251: loss=1.5621, lr=7.79e-05
2026-01-03 19:54:25 | DEBUG    | E32 S700/1251: loss=1.1648, lr=7.78e-05
2026-01-03 19:54:40 | DEBUG    | E32 S800/1251: loss=1.3188, lr=7.77e-05
2026-01-03 19:54:56 | DEBUG    | E32 S900/1251: loss=1.5019, lr=7.75e-05
2026-01-03 19:55:12 | DEBUG    | E32 S1000/1251: loss=1.1447, lr=7.74e-05
2026-01-03 19:55:27 | DEBUG    | E32 S1100/1251: loss=1.3722, lr=7.73e-05
2026-01-03 19:55:43 | DEBUG    | E32 S1200/1251: loss=1.6442, lr=7.72e-05
2026-01-03 19:56:53 | INFO     | E 32/90: loss=1.3275, train=68.0%, val=68.52%*, 6485 img/s, belief=1.269, align=0.143
2026-01-03 19:57:11 | DEBUG    | E33 S100/1251: loss=1.3613, lr=7.70e-05
2026-01-03 19:57:27 | DEBUG    | E33 S200/1251: loss=1.2092, lr=7.69e-05
2026-01-03 19:57:43 | DEBUG    | E33 S300/1251: loss=1.1314, lr=7.67e-05
2026-01-03 19:58:01 | DEBUG    | E33 S400/1251: loss=1.4400, lr=7.66e-05
2026-01-03 19:58:16 | DEBUG    | E33 S500/1251: loss=1.3222, lr=7.65e-05
2026-01-03 19:58:32 | DEBUG    | E33 S600/1251: loss=1.1712, lr=7.64e-05
2026-01-03 19:58:48 | DEBUG    | E33 S700/1251: loss=1.5213, lr=7.62e-05
2026-01-03 19:59:04 | DEBUG    | E33 S800/1251: loss=1.4902, lr=7.61e-05
2026-01-03 19:59:19 | DEBUG    | E33 S900/1251: loss=1.5906, lr=7.60e-05
2026-01-03 19:59:35 | DEBUG    | E33 S1000/1251: loss=1.2646, lr=7.59e-05
2026-01-03 19:59:51 | DEBUG    | E33 S1100/1251: loss=1.3450, lr=7.57e-05
2026-01-03 20:00:07 | DEBUG    | E33 S1200/1251: loss=1.2983, lr=7.56e-05
2026-01-03 20:01:16 | INFO     | E 33/90: loss=1.3136, train=68.1%, val=68.22%, 6404 img/s, belief=1.269, align=0.144
2026-01-03 20:01:35 | DEBUG    | E34 S100/1251: loss=1.2628, lr=7.54e-05
2026-01-03 20:01:51 | DEBUG    | E34 S200/1251: loss=0.9397, lr=7.53e-05
2026-01-03 20:02:07 | DEBUG    | E34 S300/1251: loss=1.1902, lr=7.52e-05
2026-01-03 20:02:22 | DEBUG    | E34 S400/1251: loss=1.5660, lr=7.50e-05
2026-01-03 20:02:38 | DEBUG    | E34 S500/1251: loss=1.4161, lr=7.49e-05
2026-01-03 20:02:54 | DEBUG    | E34 S600/1251: loss=1.4979, lr=7.48e-05
2026-01-03 20:03:09 | DEBUG    | E34 S700/1251: loss=1.1468, lr=7.46e-05
2026-01-03 20:03:25 | DEBUG    | E34 S800/1251: loss=1.3986, lr=7.45e-05
2026-01-03 20:03:41 | DEBUG    | E34 S900/1251: loss=1.1296, lr=7.44e-05
2026-01-03 20:03:57 | DEBUG    | E34 S1000/1251: loss=1.2503, lr=7.43e-05
2026-01-03 20:04:12 | DEBUG    | E34 S1100/1251: loss=0.9303, lr=7.41e-05
2026-01-03 20:04:28 | DEBUG    | E34 S1200/1251: loss=1.1448, lr=7.40e-05
2026-01-03 20:05:38 | INFO     | E 34/90: loss=1.2948, train=68.6%, val=68.17%, 6472 img/s, belief=1.269, align=0.144
2026-01-03 20:05:57 | DEBUG    | E35 S100/1251: loss=1.1118, lr=7.38e-05
2026-01-03 20:06:13 | DEBUG    | E35 S200/1251: loss=1.2032, lr=7.37e-05
2026-01-03 20:06:28 | DEBUG    | E35 S300/1251: loss=1.4011, lr=7.35e-05
2026-01-03 20:06:44 | DEBUG    | E35 S400/1251: loss=1.3844, lr=7.34e-05
2026-01-03 20:06:59 | DEBUG    | E35 S500/1251: loss=1.1007, lr=7.33e-05
2026-01-03 20:07:15 | DEBUG    | E35 S600/1251: loss=1.2429, lr=7.31e-05
2026-01-03 20:07:31 | DEBUG    | E35 S700/1251: loss=1.5201, lr=7.30e-05
2026-01-03 20:07:47 | DEBUG    | E35 S800/1251: loss=1.2661, lr=7.29e-05
2026-01-03 20:08:03 | DEBUG    | E35 S900/1251: loss=1.3506, lr=7.28e-05
2026-01-03 20:08:18 | DEBUG    | E35 S1000/1251: loss=1.2299, lr=7.26e-05
2026-01-03 20:08:35 | DEBUG    | E35 S1100/1251: loss=1.0803, lr=7.25e-05
2026-01-03 20:08:51 | DEBUG    | E35 S1200/1251: loss=1.2206, lr=7.24e-05
2026-01-03 20:10:00 | INFO     | E 35/90: loss=1.2850, train=68.8%, val=69.49%*, 6434 img/s, belief=1.269, align=0.143
2026-01-03 20:10:19 | DEBUG    | E36 S100/1251: loss=1.2914, lr=7.22e-05
2026-01-03 20:10:35 | DEBUG    | E36 S200/1251: loss=1.6365, lr=7.20e-05
2026-01-03 20:10:51 | DEBUG    | E36 S300/1251: loss=1.3299, lr=7.19e-05
2026-01-03 20:11:07 | DEBUG    | E36 S400/1251: loss=1.3741, lr=7.18e-05
2026-01-03 20:11:22 | DEBUG    | E36 S500/1251: loss=1.0662, lr=7.16e-05
2026-01-03 20:11:38 | DEBUG    | E36 S600/1251: loss=1.3893, lr=7.15e-05
2026-01-03 20:11:54 | DEBUG    | E36 S700/1251: loss=1.3410, lr=7.14e-05
2026-01-03 20:12:09 | DEBUG    | E36 S800/1251: loss=1.3489, lr=7.12e-05
2026-01-03 20:12:25 | DEBUG    | E36 S900/1251: loss=1.4547, lr=7.11e-05
2026-01-03 20:12:41 | DEBUG    | E36 S1000/1251: loss=1.2887, lr=7.10e-05
2026-01-03 20:12:57 | DEBUG    | E36 S1100/1251: loss=1.3482, lr=7.08e-05
2026-01-03 20:13:13 | DEBUG    | E36 S1200/1251: loss=1.2883, lr=7.07e-05
2026-01-03 20:14:22 | INFO     | E 36/90: loss=1.2765, train=68.9%, val=69.46%, 6459 img/s, belief=1.269, align=0.144
2026-01-03 20:14:41 | DEBUG    | E37 S100/1251: loss=1.4078, lr=7.05e-05
2026-01-03 20:14:56 | DEBUG    | E37 S200/1251: loss=1.4259, lr=7.03e-05
2026-01-03 20:15:12 | DEBUG    | E37 S300/1251: loss=1.2710, lr=7.02e-05
2026-01-03 20:15:27 | DEBUG    | E37 S400/1251: loss=1.0505, lr=7.01e-05
2026-01-03 20:15:43 | DEBUG    | E37 S500/1251: loss=1.0165, lr=6.99e-05
2026-01-03 20:15:59 | DEBUG    | E37 S600/1251: loss=1.0356, lr=6.98e-05
2026-01-03 20:16:15 | DEBUG    | E37 S700/1251: loss=1.1626, lr=6.97e-05
2026-01-03 20:16:30 | DEBUG    | E37 S800/1251: loss=1.1446, lr=6.95e-05
2026-01-03 20:16:46 | DEBUG    | E37 S900/1251: loss=1.0587, lr=6.94e-05
2026-01-03 20:17:02 | DEBUG    | E37 S1000/1251: loss=1.1945, lr=6.93e-05
2026-01-03 20:17:18 | DEBUG    | E37 S1100/1251: loss=1.5597, lr=6.91e-05
2026-01-03 20:17:34 | DEBUG    | E37 S1200/1251: loss=1.6318, lr=6.90e-05
2026-01-03 20:18:43 | INFO     | E 37/90: loss=1.2599, train=69.3%, val=69.37%, 6470 img/s, belief=1.269, align=0.143
2026-01-03 20:19:02 | DEBUG    | E38 S100/1251: loss=1.1214, lr=6.88e-05
2026-01-03 20:19:18 | DEBUG    | E38 S200/1251: loss=1.0910, lr=6.86e-05
2026-01-03 20:19:33 | DEBUG    | E38 S300/1251: loss=1.1295, lr=6.85e-05
2026-01-03 20:19:49 | DEBUG    | E38 S400/1251: loss=1.3072, lr=6.84e-05
2026-01-03 20:20:05 | DEBUG    | E38 S500/1251: loss=1.3421, lr=6.82e-05
2026-01-03 20:20:20 | DEBUG    | E38 S600/1251: loss=1.1356, lr=6.81e-05
2026-01-03 20:20:36 | DEBUG    | E38 S700/1251: loss=1.3234, lr=6.80e-05
2026-01-03 20:20:52 | DEBUG    | E38 S800/1251: loss=1.1350, lr=6.78e-05
2026-01-03 20:21:08 | DEBUG    | E38 S900/1251: loss=1.2081, lr=6.77e-05
2026-01-03 20:21:23 | DEBUG    | E38 S1000/1251: loss=1.2844, lr=6.75e-05
2026-01-03 20:21:39 | DEBUG    | E38 S1100/1251: loss=1.4431, lr=6.74e-05
2026-01-03 20:21:55 | DEBUG    | E38 S1200/1251: loss=1.4730, lr=6.73e-05
2026-01-03 20:23:04 | INFO     | E 38/90: loss=1.2412, train=69.6%, val=69.52%*, 6485 img/s, belief=1.269, align=0.143
2026-01-03 20:23:23 | DEBUG    | E39 S100/1251: loss=1.4423, lr=6.71e-05
2026-01-03 20:23:39 | DEBUG    | E39 S200/1251: loss=1.3141, lr=6.69e-05
2026-01-03 20:23:54 | DEBUG    | E39 S300/1251: loss=1.2175, lr=6.68e-05
2026-01-03 20:24:10 | DEBUG    | E39 S400/1251: loss=1.0793, lr=6.66e-05
2026-01-03 20:24:26 | DEBUG    | E39 S500/1251: loss=1.2025, lr=6.65e-05
2026-01-03 20:24:41 | DEBUG    | E39 S600/1251: loss=1.3360, lr=6.64e-05
2026-01-03 20:24:57 | DEBUG    | E39 S700/1251: loss=1.1659, lr=6.62e-05
2026-01-03 20:25:13 | DEBUG    | E39 S800/1251: loss=1.7392, lr=6.61e-05
2026-01-03 20:25:28 | DEBUG    | E39 S900/1251: loss=1.3692, lr=6.59e-05
2026-01-03 20:25:44 | DEBUG    | E39 S1000/1251: loss=1.1522, lr=6.58e-05
2026-01-03 20:26:00 | DEBUG    | E39 S1100/1251: loss=1.1842, lr=6.57e-05
2026-01-03 20:26:15 | DEBUG    | E39 S1200/1251: loss=1.0130, lr=6.55e-05
2026-01-03 20:27:25 | INFO     | E 39/90: loss=1.2325, train=69.9%, val=69.33%, 6499 img/s, belief=1.269, align=0.143
2026-01-03 20:27:44 | DEBUG    | E40 S100/1251: loss=1.2452, lr=6.53e-05
2026-01-03 20:27:59 | DEBUG    | E40 S200/1251: loss=1.3623, lr=6.52e-05
2026-01-03 20:28:15 | DEBUG    | E40 S300/1251: loss=1.1637, lr=6.50e-05
2026-01-03 20:28:30 | DEBUG    | E40 S400/1251: loss=1.3109, lr=6.49e-05
2026-01-03 20:28:48 | DEBUG    | E40 S500/1251: loss=1.1729, lr=6.47e-05
2026-01-03 20:29:04 | DEBUG    | E40 S600/1251: loss=1.2245, lr=6.46e-05
2026-01-03 20:29:19 | DEBUG    | E40 S700/1251: loss=1.3042, lr=6.45e-05
2026-01-03 20:29:35 | DEBUG    | E40 S800/1251: loss=1.1414, lr=6.43e-05
2026-01-03 20:29:51 | DEBUG    | E40 S900/1251: loss=1.2344, lr=6.42e-05
2026-01-03 20:30:07 | DEBUG    | E40 S1000/1251: loss=1.2309, lr=6.40e-05
2026-01-03 20:30:22 | DEBUG    | E40 S1100/1251: loss=1.2464, lr=6.39e-05
2026-01-03 20:30:38 | DEBUG    | E40 S1200/1251: loss=1.1228, lr=6.38e-05
2026-01-03 20:31:48 | INFO     | E 40/90: loss=1.2234, train=70.0%, val=69.73%*, 6424 img/s, belief=1.269, align=0.143
2026-01-03 20:32:06 | DEBUG    | E41 S100/1251: loss=1.1604, lr=6.35e-05
2026-01-03 20:32:22 | DEBUG    | E41 S200/1251: loss=1.2208, lr=6.34e-05
2026-01-03 20:32:38 | DEBUG    | E41 S300/1251: loss=1.2949, lr=6.33e-05
2026-01-03 20:32:53 | DEBUG    | E41 S400/1251: loss=1.1606, lr=6.31e-05
2026-01-03 20:33:09 | DEBUG    | E41 S500/1251: loss=1.1162, lr=6.30e-05
2026-01-03 20:33:25 | DEBUG    | E41 S600/1251: loss=1.2666, lr=6.28e-05
2026-01-03 20:33:41 | DEBUG    | E41 S700/1251: loss=1.3205, lr=6.27e-05
2026-01-03 20:33:56 | DEBUG    | E41 S800/1251: loss=1.2511, lr=6.25e-05
2026-01-03 20:34:12 | DEBUG    | E41 S900/1251: loss=1.0912, lr=6.24e-05
2026-01-03 20:34:28 | DEBUG    | E41 S1000/1251: loss=1.1638, lr=6.23e-05
2026-01-03 20:34:44 | DEBUG    | E41 S1100/1251: loss=0.8734, lr=6.21e-05
2026-01-03 20:35:00 | DEBUG    | E41 S1200/1251: loss=1.3208, lr=6.20e-05
2026-01-03 20:36:09 | INFO     | E 41/90: loss=1.2117, train=70.4%, val=69.78%*, 6483 img/s, belief=1.269, align=0.143
2026-01-03 20:36:28 | DEBUG    | E42 S100/1251: loss=1.1076, lr=6.18e-05
2026-01-03 20:36:43 | DEBUG    | E42 S200/1251: loss=1.2866, lr=6.16e-05
2026-01-03 20:36:59 | DEBUG    | E42 S300/1251: loss=1.0793, lr=6.15e-05
2026-01-03 20:37:15 | DEBUG    | E42 S400/1251: loss=1.3700, lr=6.13e-05
2026-01-03 20:37:30 | DEBUG    | E42 S500/1251: loss=1.2977, lr=6.12e-05
2026-01-03 20:37:46 | DEBUG    | E42 S600/1251: loss=1.2688, lr=6.10e-05
2026-01-03 20:38:02 | DEBUG    | E42 S700/1251: loss=1.3426, lr=6.09e-05
2026-01-03 20:38:17 | DEBUG    | E42 S800/1251: loss=1.3948, lr=6.07e-05
2026-01-03 20:38:33 | DEBUG    | E42 S900/1251: loss=1.3042, lr=6.06e-05
2026-01-03 20:38:49 | DEBUG    | E42 S1000/1251: loss=1.5846, lr=6.05e-05
2026-01-03 20:39:05 | DEBUG    | E42 S1100/1251: loss=1.3788, lr=6.03e-05
2026-01-03 20:39:21 | DEBUG    | E42 S1200/1251: loss=1.2717, lr=6.02e-05
2026-01-03 20:40:30 | INFO     | E 42/90: loss=1.1993, train=70.6%, val=70.10%*, 6480 img/s, belief=1.269, align=0.143
2026-01-03 20:40:49 | DEBUG    | E43 S100/1251: loss=1.0397, lr=6.00e-05
2026-01-03 20:41:05 | DEBUG    | E43 S200/1251: loss=1.3701, lr=5.98e-05
2026-01-03 20:41:20 | DEBUG    | E43 S300/1251: loss=1.0904, lr=5.97e-05
2026-01-03 20:41:36 | DEBUG    | E43 S400/1251: loss=1.1991, lr=5.95e-05
2026-01-03 20:41:52 | DEBUG    | E43 S500/1251: loss=1.2576, lr=5.94e-05
2026-01-03 20:42:08 | DEBUG    | E43 S600/1251: loss=1.2005, lr=5.92e-05
2026-01-03 20:42:23 | DEBUG    | E43 S700/1251: loss=1.4322, lr=5.91e-05
2026-01-03 20:42:39 | DEBUG    | E43 S800/1251: loss=1.0000, lr=5.89e-05
2026-01-03 20:42:55 | DEBUG    | E43 S900/1251: loss=1.2886, lr=5.88e-05
2026-01-03 20:43:11 | DEBUG    | E43 S1000/1251: loss=1.3133, lr=5.86e-05
2026-01-03 20:43:27 | DEBUG    | E43 S1100/1251: loss=1.1000, lr=5.85e-05
2026-01-03 20:43:42 | DEBUG    | E43 S1200/1251: loss=1.1385, lr=5.84e-05
2026-01-03 20:44:52 | INFO     | E 43/90: loss=1.1796, train=70.9%, val=69.88%, 6471 img/s, belief=1.269, align=0.143
2026-01-03 20:45:11 | DEBUG    | E44 S100/1251: loss=1.1812, lr=5.81e-05
2026-01-03 20:45:26 | DEBUG    | E44 S200/1251: loss=1.2792, lr=5.80e-05
2026-01-03 20:45:42 | DEBUG    | E44 S300/1251: loss=1.2272, lr=5.78e-05
2026-01-03 20:45:58 | DEBUG    | E44 S400/1251: loss=0.9750, lr=5.77e-05
2026-01-03 20:46:13 | DEBUG    | E44 S500/1251: loss=1.0449, lr=5.75e-05
2026-01-03 20:46:29 | DEBUG    | E44 S600/1251: loss=1.4657, lr=5.74e-05
2026-01-03 20:46:45 | DEBUG    | E44 S700/1251: loss=1.2567, lr=5.73e-05
2026-01-03 20:47:01 | DEBUG    | E44 S800/1251: loss=1.3129, lr=5.71e-05
2026-01-03 20:47:16 | DEBUG    | E44 S900/1251: loss=0.9802, lr=5.70e-05
2026-01-03 20:47:32 | DEBUG    | E44 S1000/1251: loss=1.1527, lr=5.68e-05
2026-01-03 20:47:48 | DEBUG    | E44 S1100/1251: loss=1.0895, lr=5.67e-05
2026-01-03 20:48:04 | DEBUG    | E44 S1200/1251: loss=1.3444, lr=5.65e-05
2026-01-03 20:49:13 | INFO     | E 44/90: loss=1.1731, train=71.2%, val=69.85%, 6464 img/s, belief=1.269, align=0.143
2026-01-03 20:49:32 | DEBUG    | E45 S100/1251: loss=0.8701, lr=5.63e-05
2026-01-03 20:49:47 | DEBUG    | E45 S200/1251: loss=1.1916, lr=5.62e-05
2026-01-03 20:50:03 | DEBUG    | E45 S300/1251: loss=1.2542, lr=5.60e-05
2026-01-03 20:50:19 | DEBUG    | E45 S400/1251: loss=1.3605, lr=5.59e-05
2026-01-03 20:50:35 | DEBUG    | E45 S500/1251: loss=1.1080, lr=5.57e-05
2026-01-03 20:50:50 | DEBUG    | E45 S600/1251: loss=1.0688, lr=5.56e-05
2026-01-03 20:51:06 | DEBUG    | E45 S700/1251: loss=1.1273, lr=5.54e-05
2026-01-03 20:51:22 | DEBUG    | E45 S800/1251: loss=1.0860, lr=5.53e-05
2026-01-03 20:51:37 | DEBUG    | E45 S900/1251: loss=1.3346, lr=5.51e-05
2026-01-03 20:51:53 | DEBUG    | E45 S1000/1251: loss=1.0838, lr=5.50e-05
2026-01-03 20:52:09 | DEBUG    | E45 S1100/1251: loss=1.1789, lr=5.48e-05
2026-01-03 20:52:24 | DEBUG    | E45 S1200/1251: loss=1.0950, lr=5.47e-05
2026-01-03 20:53:33 | INFO     | E 45/90: loss=1.1542, train=71.5%, val=70.52%*, 6486 img/s, belief=1.269, align=0.143
2026-01-03 20:53:52 | DEBUG    | E46 S100/1251: loss=1.1529, lr=5.45e-05
2026-01-03 20:54:08 | DEBUG    | E46 S200/1251: loss=1.1997, lr=5.43e-05
2026-01-03 20:54:24 | DEBUG    | E46 S300/1251: loss=1.2084, lr=5.42e-05
2026-01-03 20:54:40 | DEBUG    | E46 S400/1251: loss=1.2777, lr=5.40e-05
2026-01-03 20:54:55 | DEBUG    | E46 S500/1251: loss=1.0257, lr=5.39e-05
2026-01-03 20:55:11 | DEBUG    | E46 S600/1251: loss=1.1401, lr=5.37e-05
2026-01-03 20:55:27 | DEBUG    | E46 S700/1251: loss=1.1879, lr=5.36e-05
2026-01-03 20:55:42 | DEBUG    | E46 S800/1251: loss=1.1604, lr=5.34e-05
2026-01-03 20:55:58 | DEBUG    | E46 S900/1251: loss=1.2245, lr=5.33e-05
2026-01-03 20:56:14 | DEBUG    | E46 S1000/1251: loss=1.2372, lr=5.31e-05
2026-01-03 20:56:30 | DEBUG    | E46 S1100/1251: loss=1.2380, lr=5.30e-05
2026-01-03 20:56:45 | DEBUG    | E46 S1200/1251: loss=1.0427, lr=5.28e-05
2026-01-03 20:57:55 | INFO     | E 46/90: loss=1.1388, train=71.8%, val=70.78%*, 6475 img/s, belief=1.269, align=0.143
2026-01-03 20:58:13 | DEBUG    | E47 S100/1251: loss=1.1005, lr=5.26e-05
2026-01-03 20:58:29 | DEBUG    | E47 S200/1251: loss=1.1072, lr=5.25e-05
2026-01-03 20:58:45 | DEBUG    | E47 S300/1251: loss=1.1740, lr=5.23e-05
2026-01-03 20:59:00 | DEBUG    | E47 S400/1251: loss=1.2765, lr=5.22e-05
2026-01-03 20:59:18 | DEBUG    | E47 S500/1251: loss=1.5547, lr=5.20e-05
2026-01-03 20:59:34 | DEBUG    | E47 S600/1251: loss=1.1643, lr=5.19e-05
2026-01-03 20:59:49 | DEBUG    | E47 S700/1251: loss=1.2712, lr=5.17e-05
2026-01-03 21:00:05 | DEBUG    | E47 S800/1251: loss=1.2105, lr=5.16e-05
2026-01-03 21:00:21 | DEBUG    | E47 S900/1251: loss=1.1525, lr=5.14e-05
2026-01-03 21:00:37 | DEBUG    | E47 S1000/1251: loss=1.3584, lr=5.13e-05
2026-01-03 21:00:53 | DEBUG    | E47 S1100/1251: loss=1.0545, lr=5.11e-05
2026-01-03 21:01:08 | DEBUG    | E47 S1200/1251: loss=1.1878, lr=5.10e-05
2026-01-03 21:02:18 | INFO     | E 47/90: loss=1.1276, train=72.1%, val=70.71%, 6421 img/s, belief=1.269, align=0.143
2026-01-03 21:02:37 | DEBUG    | E48 S100/1251: loss=1.0470, lr=5.08e-05
2026-01-03 21:02:52 | DEBUG    | E48 S200/1251: loss=1.0441, lr=5.06e-05
2026-01-03 21:03:08 | DEBUG    | E48 S300/1251: loss=0.9696, lr=5.05e-05
2026-01-03 21:03:23 | DEBUG    | E48 S400/1251: loss=1.1340, lr=5.03e-05
2026-01-03 21:03:39 | DEBUG    | E48 S500/1251: loss=1.1992, lr=5.02e-05
2026-01-03 21:03:55 | DEBUG    | E48 S600/1251: loss=0.7739, lr=5.00e-05
2026-01-03 21:04:10 | DEBUG    | E48 S700/1251: loss=1.1399, lr=4.99e-05
2026-01-03 21:04:26 | DEBUG    | E48 S800/1251: loss=1.1343, lr=4.97e-05
2026-01-03 21:04:42 | DEBUG    | E48 S900/1251: loss=1.0031, lr=4.96e-05
2026-01-03 21:04:58 | DEBUG    | E48 S1000/1251: loss=0.9846, lr=4.94e-05
2026-01-03 21:05:14 | DEBUG    | E48 S1100/1251: loss=1.2036, lr=4.93e-05
2026-01-03 21:05:29 | DEBUG    | E48 S1200/1251: loss=1.3001, lr=4.92e-05
2026-01-03 21:06:38 | INFO     | E 48/90: loss=1.1230, train=72.1%, val=70.29%, 6478 img/s, belief=1.269, align=0.143
2026-01-03 21:06:58 | DEBUG    | E49 S100/1251: loss=1.1411, lr=4.89e-05
2026-01-03 21:07:13 | DEBUG    | E49 S200/1251: loss=1.2330, lr=4.88e-05
2026-01-03 21:07:29 | DEBUG    | E49 S300/1251: loss=1.0927, lr=4.86e-05
2026-01-03 21:07:45 | DEBUG    | E49 S400/1251: loss=0.9249, lr=4.85e-05
2026-01-03 21:08:00 | DEBUG    | E49 S500/1251: loss=0.8860, lr=4.83e-05
2026-01-03 21:08:16 | DEBUG    | E49 S600/1251: loss=1.1366, lr=4.82e-05
2026-01-03 21:08:32 | DEBUG    | E49 S700/1251: loss=1.0668, lr=4.80e-05
2026-01-03 21:08:48 | DEBUG    | E49 S800/1251: loss=1.0108, lr=4.79e-05
2026-01-03 21:09:03 | DEBUG    | E49 S900/1251: loss=1.0819, lr=4.77e-05
2026-01-03 21:09:19 | DEBUG    | E49 S1000/1251: loss=1.1459, lr=4.76e-05
2026-01-03 21:09:35 | DEBUG    | E49 S1100/1251: loss=0.9270, lr=4.75e-05
2026-01-03 21:09:51 | DEBUG    | E49 S1200/1251: loss=1.1065, lr=4.73e-05
2026-01-03 21:11:00 | INFO     | E 49/90: loss=1.1052, train=72.6%, val=70.86%*, 6442 img/s, belief=1.269, align=0.143
2026-01-03 21:11:19 | DEBUG    | E50 S100/1251: loss=1.2540, lr=4.71e-05
2026-01-03 21:11:35 | DEBUG    | E50 S200/1251: loss=0.9388, lr=4.69e-05
2026-01-03 21:11:51 | DEBUG    | E50 S300/1251: loss=1.1894, lr=4.68e-05
2026-01-03 21:12:06 | DEBUG    | E50 S400/1251: loss=0.9712, lr=4.66e-05
2026-01-03 21:12:22 | DEBUG    | E50 S500/1251: loss=1.2501, lr=4.65e-05
2026-01-03 21:12:38 | DEBUG    | E50 S600/1251: loss=0.8709, lr=4.63e-05
2026-01-03 21:12:53 | DEBUG    | E50 S700/1251: loss=1.0681, lr=4.62e-05
2026-01-03 21:13:09 | DEBUG    | E50 S800/1251: loss=0.9872, lr=4.61e-05
2026-01-03 21:13:25 | DEBUG    | E50 S900/1251: loss=0.9468, lr=4.59e-05
2026-01-03 21:13:41 | DEBUG    | E50 S1000/1251: loss=0.8658, lr=4.58e-05
2026-01-03 21:13:57 | DEBUG    | E50 S1100/1251: loss=1.3590, lr=4.56e-05
2026-01-03 21:14:12 | DEBUG    | E50 S1200/1251: loss=1.0887, lr=4.55e-05
2026-01-03 21:15:22 | INFO     | E 50/90: loss=1.0889, train=73.0%, val=70.83%, 6477 img/s, belief=1.269, align=0.143
2026-01-03 21:15:41 | DEBUG    | E51 S100/1251: loss=0.8961, lr=4.52e-05
2026-01-03 21:15:57 | DEBUG    | E51 S200/1251: loss=1.0328, lr=4.51e-05
2026-01-03 21:16:12 | DEBUG    | E51 S300/1251: loss=1.5214, lr=4.49e-05
2026-01-03 21:16:28 | DEBUG    | E51 S400/1251: loss=1.2175, lr=4.48e-05
2026-01-03 21:16:43 | DEBUG    | E51 S500/1251: loss=0.9214, lr=4.47e-05
2026-01-03 21:16:59 | DEBUG    | E51 S600/1251: loss=1.3182, lr=4.45e-05
2026-01-03 21:17:15 | DEBUG    | E51 S700/1251: loss=1.0304, lr=4.44e-05
2026-01-03 21:17:31 | DEBUG    | E51 S800/1251: loss=0.9647, lr=4.42e-05
2026-01-03 21:17:47 | DEBUG    | E51 S900/1251: loss=0.9166, lr=4.41e-05
2026-01-03 21:18:02 | DEBUG    | E51 S1000/1251: loss=1.1534, lr=4.39e-05
2026-01-03 21:18:18 | DEBUG    | E51 S1100/1251: loss=0.9883, lr=4.38e-05
2026-01-03 21:18:34 | DEBUG    | E51 S1200/1251: loss=0.9576, lr=4.36e-05
2026-01-03 21:19:44 | INFO     | E 51/90: loss=1.0847, train=73.1%, val=70.85%, 6464 img/s, belief=1.269, align=0.142
2026-01-03 21:20:03 | DEBUG    | E52 S100/1251: loss=1.0687, lr=4.34e-05
2026-01-03 21:20:19 | DEBUG    | E52 S200/1251: loss=0.7815, lr=4.33e-05
2026-01-03 21:20:34 | DEBUG    | E52 S300/1251: loss=0.7301, lr=4.31e-05
2026-01-03 21:20:50 | DEBUG    | E52 S400/1251: loss=1.0679, lr=4.30e-05
2026-01-03 21:21:06 | DEBUG    | E52 S500/1251: loss=1.0678, lr=4.28e-05
2026-01-03 21:21:22 | DEBUG    | E52 S600/1251: loss=0.9885, lr=4.27e-05
2026-01-03 21:21:37 | DEBUG    | E52 S700/1251: loss=1.1633, lr=4.25e-05
2026-01-03 21:21:53 | DEBUG    | E52 S800/1251: loss=0.8724, lr=4.24e-05
2026-01-03 21:22:09 | DEBUG    | E52 S900/1251: loss=1.2358, lr=4.22e-05
2026-01-03 21:22:24 | DEBUG    | E52 S1000/1251: loss=1.2343, lr=4.21e-05
2026-01-03 21:22:40 | DEBUG    | E52 S1100/1251: loss=1.2192, lr=4.19e-05
2026-01-03 21:22:56 | DEBUG    | E52 S1200/1251: loss=1.0523, lr=4.18e-05
2026-01-03 21:24:05 | INFO     | E 52/90: loss=1.0711, train=73.4%, val=71.07%*, 6475 img/s, belief=1.269, align=0.142
2026-01-03 21:24:24 | DEBUG    | E53 S100/1251: loss=0.8063, lr=4.16e-05
2026-01-03 21:24:40 | DEBUG    | E53 S200/1251: loss=1.2305, lr=4.14e-05
2026-01-03 21:24:56 | DEBUG    | E53 S300/1251: loss=0.9358, lr=4.13e-05
2026-01-03 21:25:11 | DEBUG    | E53 S400/1251: loss=1.1265, lr=4.11e-05
2026-01-03 21:25:27 | DEBUG    | E53 S500/1251: loss=1.0084, lr=4.10e-05
2026-01-03 21:25:43 | DEBUG    | E53 S600/1251: loss=0.9427, lr=4.09e-05
2026-01-03 21:25:58 | DEBUG    | E53 S700/1251: loss=1.2539, lr=4.07e-05
2026-01-03 21:26:14 | DEBUG    | E53 S800/1251: loss=0.9128, lr=4.06e-05
2026-01-03 21:26:30 | DEBUG    | E53 S900/1251: loss=1.1149, lr=4.04e-05
2026-01-03 21:26:46 | DEBUG    | E53 S1000/1251: loss=1.2609, lr=4.03e-05
2026-01-03 21:27:01 | DEBUG    | E53 S1100/1251: loss=1.1363, lr=4.01e-05
2026-01-03 21:27:17 | DEBUG    | E53 S1200/1251: loss=0.9367, lr=4.00e-05
2026-01-03 21:28:27 | INFO     | E 53/90: loss=1.0489, train=73.9%, val=71.12%*, 6492 img/s, belief=1.269, align=0.143
2026-01-03 21:28:46 | DEBUG    | E54 S100/1251: loss=1.0471, lr=3.98e-05
2026-01-03 21:29:01 | DEBUG    | E54 S200/1251: loss=1.2161, lr=3.96e-05
2026-01-03 21:29:19 | DEBUG    | E54 S300/1251: loss=1.1526, lr=3.95e-05
2026-01-03 21:29:34 | DEBUG    | E54 S400/1251: loss=0.8825, lr=3.93e-05
2026-01-03 21:29:50 | DEBUG    | E54 S500/1251: loss=1.0420, lr=3.92e-05
2026-01-03 21:30:06 | DEBUG    | E54 S600/1251: loss=0.9391, lr=3.90e-05
2026-01-03 21:30:21 | DEBUG    | E54 S700/1251: loss=0.7860, lr=3.89e-05
2026-01-03 21:30:37 | DEBUG    | E54 S800/1251: loss=1.0253, lr=3.88e-05
2026-01-03 21:30:53 | DEBUG    | E54 S900/1251: loss=0.8693, lr=3.86e-05
2026-01-03 21:31:09 | DEBUG    | E54 S1000/1251: loss=0.6343, lr=3.85e-05
2026-01-03 21:31:25 | DEBUG    | E54 S1100/1251: loss=1.5584, lr=3.83e-05
2026-01-03 21:31:41 | DEBUG    | E54 S1200/1251: loss=0.9116, lr=3.82e-05
2026-01-03 21:32:50 | INFO     | E 54/90: loss=1.0411, train=74.1%, val=70.93%, 6410 img/s, belief=1.269, align=0.142
2026-01-03 21:33:09 | DEBUG    | E55 S100/1251: loss=1.0044, lr=3.80e-05
2026-01-03 21:33:24 | DEBUG    | E55 S200/1251: loss=0.8934, lr=3.78e-05
2026-01-03 21:33:40 | DEBUG    | E55 S300/1251: loss=0.9245, lr=3.77e-05
2026-01-03 21:33:56 | DEBUG    | E55 S400/1251: loss=1.1667, lr=3.75e-05
2026-01-03 21:34:11 | DEBUG    | E55 S500/1251: loss=1.0318, lr=3.74e-05
2026-01-03 21:34:27 | DEBUG    | E55 S600/1251: loss=0.9240, lr=3.72e-05
2026-01-03 21:34:43 | DEBUG    | E55 S700/1251: loss=1.0238, lr=3.71e-05
2026-01-03 21:34:59 | DEBUG    | E55 S800/1251: loss=0.8792, lr=3.70e-05
2026-01-03 21:35:14 | DEBUG    | E55 S900/1251: loss=0.9406, lr=3.68e-05
2026-01-03 21:35:30 | DEBUG    | E55 S1000/1251: loss=1.1246, lr=3.67e-05
2026-01-03 21:35:46 | DEBUG    | E55 S1100/1251: loss=1.0344, lr=3.65e-05
2026-01-03 21:36:02 | DEBUG    | E55 S1200/1251: loss=1.1784, lr=3.64e-05
2026-01-03 21:37:11 | INFO     | E 55/90: loss=1.0235, train=74.4%, val=71.32%*, 6472 img/s, belief=1.269, align=0.142
2026-01-03 21:37:30 | DEBUG    | E56 S100/1251: loss=0.9458, lr=3.62e-05
2026-01-03 21:37:46 | DEBUG    | E56 S200/1251: loss=1.2471, lr=3.60e-05
2026-01-03 21:38:01 | DEBUG    | E56 S300/1251: loss=0.9205, lr=3.59e-05
2026-01-03 21:38:17 | DEBUG    | E56 S400/1251: loss=1.0852, lr=3.58e-05
2026-01-03 21:38:32 | DEBUG    | E56 S500/1251: loss=0.8461, lr=3.56e-05
2026-01-03 21:38:48 | DEBUG    | E56 S600/1251: loss=1.0091, lr=3.55e-05
2026-01-03 21:39:04 | DEBUG    | E56 S700/1251: loss=1.3331, lr=3.53e-05
2026-01-03 21:39:20 | DEBUG    | E56 S800/1251: loss=1.2003, lr=3.52e-05
2026-01-03 21:39:36 | DEBUG    | E56 S900/1251: loss=1.1229, lr=3.50e-05
2026-01-03 21:39:51 | DEBUG    | E56 S1000/1251: loss=0.8098, lr=3.49e-05
2026-01-03 21:40:07 | DEBUG    | E56 S1100/1251: loss=1.0559, lr=3.48e-05
2026-01-03 21:40:23 | DEBUG    | E56 S1200/1251: loss=0.9881, lr=3.46e-05
2026-01-03 21:41:32 | INFO     | E 56/90: loss=1.0107, train=74.8%, val=71.56%*, 6482 img/s, belief=1.269, align=0.142
2026-01-03 21:41:51 | DEBUG    | E57 S100/1251: loss=1.1792, lr=3.44e-05
2026-01-03 21:42:07 | DEBUG    | E57 S200/1251: loss=1.1355, lr=3.43e-05
2026-01-03 21:42:22 | DEBUG    | E57 S300/1251: loss=0.8805, lr=3.41e-05
2026-01-03 21:42:38 | DEBUG    | E57 S400/1251: loss=0.8837, lr=3.40e-05
2026-01-03 21:42:54 | DEBUG    | E57 S500/1251: loss=1.2012, lr=3.38e-05
2026-01-03 21:43:09 | DEBUG    | E57 S600/1251: loss=0.8414, lr=3.37e-05
2026-01-03 21:43:25 | DEBUG    | E57 S700/1251: loss=0.9777, lr=3.36e-05
2026-01-03 21:43:41 | DEBUG    | E57 S800/1251: loss=1.0819, lr=3.34e-05
2026-01-03 21:43:56 | DEBUG    | E57 S900/1251: loss=1.1277, lr=3.33e-05
2026-01-03 21:44:12 | DEBUG    | E57 S1000/1251: loss=1.2828, lr=3.32e-05
2026-01-03 21:44:28 | DEBUG    | E57 S1100/1251: loss=1.0500, lr=3.30e-05
2026-01-03 21:44:44 | DEBUG    | E57 S1200/1251: loss=0.9582, lr=3.29e-05
2026-01-03 21:45:53 | INFO     | E 57/90: loss=0.9927, train=75.1%, val=71.60%*, 6498 img/s, belief=1.269, align=0.142
2026-01-03 21:46:12 | DEBUG    | E58 S100/1251: loss=0.7327, lr=3.27e-05
2026-01-03 21:46:28 | DEBUG    | E58 S200/1251: loss=0.9326, lr=3.25e-05
2026-01-03 21:46:43 | DEBUG    | E58 S300/1251: loss=0.8490, lr=3.24e-05
2026-01-03 21:46:59 | DEBUG    | E58 S400/1251: loss=0.9488, lr=3.23e-05
2026-01-03 21:47:15 | DEBUG    | E58 S500/1251: loss=0.8902, lr=3.21e-05
2026-01-03 21:47:30 | DEBUG    | E58 S600/1251: loss=1.2889, lr=3.20e-05
2026-01-03 21:47:46 | DEBUG    | E58 S700/1251: loss=1.1142, lr=3.18e-05
2026-01-03 21:48:02 | DEBUG    | E58 S800/1251: loss=0.8872, lr=3.17e-05
2026-01-03 21:48:17 | DEBUG    | E58 S900/1251: loss=0.9093, lr=3.16e-05
2026-01-03 21:48:33 | DEBUG    | E58 S1000/1251: loss=0.9543, lr=3.14e-05
2026-01-03 21:48:49 | DEBUG    | E58 S1100/1251: loss=1.1016, lr=3.13e-05
2026-01-03 21:49:05 | DEBUG    | E58 S1200/1251: loss=1.1116, lr=3.12e-05
2026-01-03 21:50:14 | INFO     | E 58/90: loss=0.9770, train=75.5%, val=71.64%*, 6486 img/s, belief=1.269, align=0.142
2026-01-03 21:50:33 | DEBUG    | E59 S100/1251: loss=1.0705, lr=3.09e-05
2026-01-03 21:50:49 | DEBUG    | E59 S200/1251: loss=0.7069, lr=3.08e-05
2026-01-03 21:51:05 | DEBUG    | E59 S300/1251: loss=0.7320, lr=3.07e-05
2026-01-03 21:51:20 | DEBUG    | E59 S400/1251: loss=1.0092, lr=3.05e-05
2026-01-03 21:51:36 | DEBUG    | E59 S500/1251: loss=1.0317, lr=3.04e-05
2026-01-03 21:51:52 | DEBUG    | E59 S600/1251: loss=1.0027, lr=3.03e-05
2026-01-03 21:52:08 | DEBUG    | E59 S700/1251: loss=0.7787, lr=3.01e-05
2026-01-03 21:52:23 | DEBUG    | E59 S800/1251: loss=0.6578, lr=3.00e-05
2026-01-03 21:52:39 | DEBUG    | E59 S900/1251: loss=1.3617, lr=2.99e-05
2026-01-03 21:52:55 | DEBUG    | E59 S1000/1251: loss=1.0355, lr=2.97e-05
2026-01-03 21:53:11 | DEBUG    | E59 S1100/1251: loss=1.3723, lr=2.96e-05
2026-01-03 21:53:26 | DEBUG    | E59 S1200/1251: loss=1.3599, lr=2.95e-05
2026-01-03 21:54:35 | INFO     | E 59/90: loss=0.9657, train=75.7%, val=71.82%*, 6481 img/s, belief=1.269, align=0.142
2026-01-03 21:54:55 | DEBUG    | E60 S100/1251: loss=0.9739, lr=2.92e-05
2026-01-03 21:55:10 | DEBUG    | E60 S200/1251: loss=0.9789, lr=2.91e-05
2026-01-03 21:55:26 | DEBUG    | E60 S300/1251: loss=0.7614, lr=2.90e-05
2026-01-03 21:55:42 | DEBUG    | E60 S400/1251: loss=0.9667, lr=2.88e-05
2026-01-03 21:55:57 | DEBUG    | E60 S500/1251: loss=1.0362, lr=2.87e-05
2026-01-03 21:56:13 | DEBUG    | E60 S600/1251: loss=0.9523, lr=2.86e-05
2026-01-03 21:56:29 | DEBUG    | E60 S700/1251: loss=0.8382, lr=2.84e-05
2026-01-03 21:56:44 | DEBUG    | E60 S800/1251: loss=1.1789, lr=2.83e-05
2026-01-03 21:57:00 | DEBUG    | E60 S900/1251: loss=1.2094, lr=2.82e-05
2026-01-03 21:57:20 | DEBUG    | E60 S1000/1251: loss=1.0591, lr=2.80e-05
2026-01-03 21:57:37 | DEBUG    | E60 S1100/1251: loss=0.9263, lr=2.79e-05
2026-01-03 21:57:53 | DEBUG    | E60 S1200/1251: loss=1.0997, lr=2.78e-05
2026-01-03 21:59:02 | INFO     | E 60/90: loss=0.9536, train=76.0%, val=72.00%*, 6286 img/s, belief=1.269, align=0.142
2026-01-03 21:59:21 | DEBUG    | E61 S100/1251: loss=0.9505, lr=2.76e-05
2026-01-03 21:59:37 | DEBUG    | E61 S200/1251: loss=1.0443, lr=2.75e-05
2026-01-03 21:59:53 | DEBUG    | E61 S300/1251: loss=1.0709, lr=2.73e-05
2026-01-03 22:00:08 | DEBUG    | E61 S400/1251: loss=1.0858, lr=2.72e-05
2026-01-03 22:00:24 | DEBUG    | E61 S500/1251: loss=1.1071, lr=2.71e-05
2026-01-03 22:00:40 | DEBUG    | E61 S600/1251: loss=0.9083, lr=2.69e-05
2026-01-03 22:00:56 | DEBUG    | E61 S700/1251: loss=0.8072, lr=2.68e-05
2026-01-03 22:01:11 | DEBUG    | E61 S800/1251: loss=1.0964, lr=2.67e-05
2026-01-03 22:01:27 | DEBUG    | E61 S900/1251: loss=0.8267, lr=2.65e-05
2026-01-03 22:01:43 | DEBUG    | E61 S1000/1251: loss=0.9115, lr=2.64e-05
2026-01-03 22:01:59 | DEBUG    | E61 S1100/1251: loss=0.9520, lr=2.63e-05
2026-01-03 22:02:14 | DEBUG    | E61 S1200/1251: loss=1.1448, lr=2.61e-05
2026-01-03 22:03:24 | INFO     | E 61/90: loss=0.9328, train=76.5%, val=71.94%, 6474 img/s, belief=1.269, align=0.142
2026-01-03 22:03:43 | DEBUG    | E62 S100/1251: loss=1.0296, lr=2.59e-05
2026-01-03 22:03:59 | DEBUG    | E62 S200/1251: loss=0.8557, lr=2.58e-05
2026-01-03 22:04:14 | DEBUG    | E62 S300/1251: loss=1.0572, lr=2.57e-05
2026-01-03 22:04:30 | DEBUG    | E62 S400/1251: loss=0.8213, lr=2.56e-05
2026-01-03 22:04:46 | DEBUG    | E62 S500/1251: loss=0.8510, lr=2.54e-05
2026-01-03 22:05:01 | DEBUG    | E62 S600/1251: loss=1.0587, lr=2.53e-05
2026-01-03 22:05:18 | DEBUG    | E62 S700/1251: loss=0.8609, lr=2.52e-05
2026-01-03 22:05:34 | DEBUG    | E62 S800/1251: loss=0.8085, lr=2.50e-05
2026-01-03 22:05:50 | DEBUG    | E62 S900/1251: loss=1.1676, lr=2.49e-05
2026-01-03 22:06:06 | DEBUG    | E62 S1000/1251: loss=1.2387, lr=2.48e-05
2026-01-03 22:06:22 | DEBUG    | E62 S1100/1251: loss=1.0067, lr=2.47e-05
2026-01-03 22:06:37 | DEBUG    | E62 S1200/1251: loss=0.7918, lr=2.45e-05
2026-01-03 22:07:46 | INFO     | E 62/90: loss=0.9164, train=76.9%, val=71.87%, 6411 img/s, belief=1.269, align=0.141
2026-01-03 22:08:05 | DEBUG    | E63 S100/1251: loss=0.8977, lr=2.43e-05
2026-01-03 22:08:21 | DEBUG    | E63 S200/1251: loss=0.9258, lr=2.42e-05
2026-01-03 22:08:37 | DEBUG    | E63 S300/1251: loss=0.9420, lr=2.41e-05
2026-01-03 22:08:52 | DEBUG    | E63 S400/1251: loss=0.8853, lr=2.40e-05
2026-01-03 22:09:08 | DEBUG    | E63 S500/1251: loss=0.8329, lr=2.38e-05
2026-01-03 22:09:24 | DEBUG    | E63 S600/1251: loss=1.0464, lr=2.37e-05
2026-01-03 22:09:40 | DEBUG    | E63 S700/1251: loss=1.0203, lr=2.36e-05
2026-01-03 22:09:55 | DEBUG    | E63 S800/1251: loss=0.8639, lr=2.35e-05
2026-01-03 22:10:11 | DEBUG    | E63 S900/1251: loss=0.9829, lr=2.33e-05
2026-01-03 22:10:27 | DEBUG    | E63 S1000/1251: loss=0.9548, lr=2.32e-05
2026-01-03 22:10:43 | DEBUG    | E63 S1100/1251: loss=0.6973, lr=2.31e-05
2026-01-03 22:11:00 | DEBUG    | E63 S1200/1251: loss=0.9091, lr=2.30e-05
2026-01-03 22:12:11 | INFO     | E 63/90: loss=0.9075, train=77.1%, val=72.11%*, 6412 img/s, belief=1.269, align=0.142
2026-01-03 22:12:30 | DEBUG    | E64 S100/1251: loss=0.9720, lr=2.28e-05
2026-01-03 22:12:46 | DEBUG    | E64 S200/1251: loss=1.1912, lr=2.27e-05
2026-01-03 22:13:02 | DEBUG    | E64 S300/1251: loss=1.0532, lr=2.25e-05
2026-01-03 22:13:18 | DEBUG    | E64 S400/1251: loss=0.8502, lr=2.24e-05
2026-01-03 22:13:33 | DEBUG    | E64 S500/1251: loss=0.7944, lr=2.23e-05
2026-01-03 22:13:49 | DEBUG    | E64 S600/1251: loss=0.9720, lr=2.22e-05
2026-01-03 22:14:05 | DEBUG    | E64 S700/1251: loss=0.6760, lr=2.20e-05
2026-01-03 22:14:21 | DEBUG    | E64 S800/1251: loss=0.8307, lr=2.19e-05
2026-01-03 22:14:37 | DEBUG    | E64 S900/1251: loss=0.9974, lr=2.18e-05
2026-01-03 22:14:53 | DEBUG    | E64 S1000/1251: loss=0.7809, lr=2.17e-05
2026-01-03 22:15:09 | DEBUG    | E64 S1100/1251: loss=1.2568, lr=2.15e-05
2026-01-03 22:15:24 | DEBUG    | E64 S1200/1251: loss=0.9340, lr=2.14e-05
2026-01-03 22:16:34 | INFO     | E 64/90: loss=0.8939, train=77.4%, val=72.16%*, 6443 img/s, belief=1.269, align=0.141
2026-01-03 22:16:53 | DEBUG    | E65 S100/1251: loss=0.9686, lr=2.12e-05
2026-01-03 22:17:09 | DEBUG    | E65 S200/1251: loss=0.8618, lr=2.11e-05
2026-01-03 22:17:24 | DEBUG    | E65 S300/1251: loss=0.9314, lr=2.10e-05
2026-01-03 22:17:40 | DEBUG    | E65 S400/1251: loss=1.1411, lr=2.09e-05
2026-01-03 22:17:56 | DEBUG    | E65 S500/1251: loss=0.9829, lr=2.08e-05
2026-01-03 22:18:12 | DEBUG    | E65 S600/1251: loss=0.8981, lr=2.06e-05
2026-01-03 22:18:27 | DEBUG    | E65 S700/1251: loss=1.0039, lr=2.05e-05
2026-01-03 22:18:43 | DEBUG    | E65 S800/1251: loss=0.8255, lr=2.04e-05
2026-01-03 22:18:59 | DEBUG    | E65 S900/1251: loss=0.8465, lr=2.03e-05
2026-01-03 22:19:15 | DEBUG    | E65 S1000/1251: loss=0.9778, lr=2.02e-05
2026-01-03 22:19:30 | DEBUG    | E65 S1100/1251: loss=1.0257, lr=2.00e-05
2026-01-03 22:19:46 | DEBUG    | E65 S1200/1251: loss=0.7819, lr=1.99e-05
2026-01-03 22:20:56 | INFO     | E 65/90: loss=0.8763, train=77.9%, val=72.18%*, 6467 img/s, belief=1.269, align=0.141
2026-01-03 22:21:14 | DEBUG    | E66 S100/1251: loss=0.7619, lr=1.98e-05
2026-01-03 22:21:30 | DEBUG    | E66 S200/1251: loss=0.6621, lr=1.96e-05
2026-01-03 22:21:46 | DEBUG    | E66 S300/1251: loss=0.9266, lr=1.95e-05
2026-01-03 22:22:02 | DEBUG    | E66 S400/1251: loss=0.9456, lr=1.94e-05
2026-01-03 22:22:17 | DEBUG    | E66 S500/1251: loss=0.9063, lr=1.93e-05
2026-01-03 22:22:33 | DEBUG    | E66 S600/1251: loss=1.0010, lr=1.92e-05
2026-01-03 22:22:49 | DEBUG    | E66 S700/1251: loss=0.9897, lr=1.91e-05
2026-01-03 22:23:05 | DEBUG    | E66 S800/1251: loss=0.7863, lr=1.89e-05
2026-01-03 22:23:21 | DEBUG    | E66 S900/1251: loss=0.7611, lr=1.88e-05
2026-01-03 22:23:37 | DEBUG    | E66 S1000/1251: loss=0.6517, lr=1.87e-05
2026-01-03 22:23:53 | DEBUG    | E66 S1100/1251: loss=0.6763, lr=1.86e-05
2026-01-03 22:24:08 | DEBUG    | E66 S1200/1251: loss=0.5662, lr=1.85e-05
2026-01-03 22:25:17 | INFO     | E 66/90: loss=0.8616, train=78.2%, val=72.43%*, 6460 img/s, belief=1.269, align=0.141
2026-01-03 22:25:37 | DEBUG    | E67 S100/1251: loss=0.8197, lr=1.83e-05
2026-01-03 22:25:53 | DEBUG    | E67 S200/1251: loss=0.8767, lr=1.82e-05
2026-01-03 22:26:08 | DEBUG    | E67 S300/1251: loss=0.8288, lr=1.81e-05
2026-01-03 22:26:24 | DEBUG    | E67 S400/1251: loss=0.6987, lr=1.80e-05
2026-01-03 22:26:40 | DEBUG    | E67 S500/1251: loss=0.7154, lr=1.78e-05
2026-01-03 22:26:56 | DEBUG    | E67 S600/1251: loss=0.8752, lr=1.77e-05
2026-01-03 22:27:11 | DEBUG    | E67 S700/1251: loss=0.6349, lr=1.76e-05
2026-01-03 22:27:27 | DEBUG    | E67 S800/1251: loss=0.8067, lr=1.75e-05
2026-01-03 22:27:43 | DEBUG    | E67 S900/1251: loss=0.6907, lr=1.74e-05
2026-01-03 22:27:59 | DEBUG    | E67 S1000/1251: loss=1.0043, lr=1.73e-05
2026-01-03 22:28:14 | DEBUG    | E67 S1100/1251: loss=0.7856, lr=1.72e-05
2026-01-03 22:28:30 | DEBUG    | E67 S1200/1251: loss=0.8844, lr=1.71e-05
2026-01-03 22:29:39 | INFO     | E 67/90: loss=0.8545, train=78.4%, val=72.60%*, 6446 img/s, belief=1.269, align=0.141
2026-01-03 22:29:58 | DEBUG    | E68 S100/1251: loss=0.8896, lr=1.69e-05
2026-01-03 22:30:14 | DEBUG    | E68 S200/1251: loss=0.7518, lr=1.68e-05
2026-01-03 22:30:29 | DEBUG    | E68 S300/1251: loss=0.5908, lr=1.67e-05
2026-01-03 22:30:45 | DEBUG    | E68 S400/1251: loss=1.0971, lr=1.66e-05
2026-01-03 22:31:01 | DEBUG    | E68 S500/1251: loss=0.7448, lr=1.65e-05
2026-01-03 22:31:17 | DEBUG    | E68 S600/1251: loss=0.7821, lr=1.63e-05
2026-01-03 22:31:33 | DEBUG    | E68 S700/1251: loss=0.7273, lr=1.62e-05
2026-01-03 22:31:49 | DEBUG    | E68 S800/1251: loss=0.5914, lr=1.61e-05
2026-01-03 22:32:04 | DEBUG    | E68 S900/1251: loss=0.7144, lr=1.60e-05
2026-01-03 22:32:20 | DEBUG    | E68 S1000/1251: loss=0.7947, lr=1.59e-05
2026-01-03 22:32:36 | DEBUG    | E68 S1100/1251: loss=0.7225, lr=1.58e-05
2026-01-03 22:32:52 | DEBUG    | E68 S1200/1251: loss=0.9185, lr=1.57e-05
2026-01-03 22:34:01 | INFO     | E 68/90: loss=0.8294, train=78.9%, val=72.36%, 6471 img/s, belief=1.269, align=0.141
2026-01-03 22:34:19 | DEBUG    | E69 S100/1251: loss=0.7553, lr=1.55e-05
2026-01-03 22:34:35 | DEBUG    | E69 S200/1251: loss=0.7475, lr=1.54e-05
2026-01-03 22:34:51 | DEBUG    | E69 S300/1251: loss=0.5874, lr=1.53e-05
2026-01-03 22:35:07 | DEBUG    | E69 S400/1251: loss=0.7075, lr=1.52e-05
2026-01-03 22:35:22 | DEBUG    | E69 S500/1251: loss=0.9007, lr=1.51e-05
2026-01-03 22:35:38 | DEBUG    | E69 S600/1251: loss=0.8695, lr=1.50e-05
2026-01-03 22:35:54 | DEBUG    | E69 S700/1251: loss=0.9107, lr=1.49e-05
2026-01-03 22:36:10 | DEBUG    | E69 S800/1251: loss=0.8822, lr=1.48e-05
2026-01-03 22:36:25 | DEBUG    | E69 S900/1251: loss=1.2542, lr=1.47e-05
2026-01-03 22:36:41 | DEBUG    | E69 S1000/1251: loss=0.6274, lr=1.46e-05
2026-01-03 22:36:57 | DEBUG    | E69 S1100/1251: loss=0.8539, lr=1.45e-05
2026-01-03 22:37:13 | DEBUG    | E69 S1200/1251: loss=0.9611, lr=1.44e-05
2026-01-03 22:38:22 | INFO     | E 69/90: loss=0.8282, train=79.0%, val=72.60%, 6461 img/s, belief=1.269, align=0.141
2026-01-03 22:38:41 | DEBUG    | E70 S100/1251: loss=0.7167, lr=1.42e-05
2026-01-03 22:38:57 | DEBUG    | E70 S200/1251: loss=1.0349, lr=1.41e-05
2026-01-03 22:39:12 | DEBUG    | E70 S300/1251: loss=1.1004, lr=1.40e-05
2026-01-03 22:39:28 | DEBUG    | E70 S400/1251: loss=0.8178, lr=1.39e-05
2026-01-03 22:39:44 | DEBUG    | E70 S500/1251: loss=0.7843, lr=1.38e-05
2026-01-03 22:40:00 | DEBUG    | E70 S600/1251: loss=0.9383, lr=1.37e-05
2026-01-03 22:40:15 | DEBUG    | E70 S700/1251: loss=0.9415, lr=1.36e-05
2026-01-03 22:40:31 | DEBUG    | E70 S800/1251: loss=1.0161, lr=1.35e-05
2026-01-03 22:40:47 | DEBUG    | E70 S900/1251: loss=0.8610, lr=1.34e-05
2026-01-03 22:41:03 | DEBUG    | E70 S1000/1251: loss=0.6492, lr=1.33e-05
2026-01-03 22:41:19 | DEBUG    | E70 S1100/1251: loss=0.9352, lr=1.32e-05
2026-01-03 22:41:34 | DEBUG    | E70 S1200/1251: loss=0.9333, lr=1.31e-05
2026-01-03 22:42:43 | INFO     | E 70/90: loss=0.8122, train=79.5%, val=72.58%, 6453 img/s, belief=1.269, align=0.141
2026-01-03 22:43:02 | DEBUG    | E71 S100/1251: loss=1.0674, lr=1.30e-05
2026-01-03 22:43:18 | DEBUG    | E71 S200/1251: loss=0.7080, lr=1.29e-05
2026-01-03 22:43:34 | DEBUG    | E71 S300/1251: loss=0.7418, lr=1.28e-05
2026-01-03 22:43:50 | DEBUG    | E71 S400/1251: loss=0.9005, lr=1.27e-05
2026-01-03 22:44:05 | DEBUG    | E71 S500/1251: loss=0.8275, lr=1.26e-05
2026-01-03 22:44:21 | DEBUG    | E71 S600/1251: loss=0.6128, lr=1.25e-05
2026-01-03 22:44:37 | DEBUG    | E71 S700/1251: loss=0.7613, lr=1.24e-05
2026-01-03 22:44:52 | DEBUG    | E71 S800/1251: loss=0.5995, lr=1.23e-05
2026-01-03 22:45:08 | DEBUG    | E71 S900/1251: loss=0.7505, lr=1.22e-05
2026-01-03 22:45:24 | DEBUG    | E71 S1000/1251: loss=0.6606, lr=1.21e-05
2026-01-03 22:45:40 | DEBUG    | E71 S1100/1251: loss=0.7634, lr=1.20e-05
2026-01-03 22:45:55 | DEBUG    | E71 S1200/1251: loss=0.8252, lr=1.19e-05
2026-01-03 22:47:05 | INFO     | E 71/90: loss=0.7953, train=79.9%, val=72.88%*, 6459 img/s, belief=1.269, align=0.140
2026-01-03 22:47:24 | DEBUG    | E72 S100/1251: loss=0.6055, lr=1.17e-05
2026-01-03 22:47:40 | DEBUG    | E72 S200/1251: loss=0.6332, lr=1.16e-05
2026-01-03 22:47:55 | DEBUG    | E72 S300/1251: loss=0.5051, lr=1.15e-05
2026-01-03 22:48:11 | DEBUG    | E72 S400/1251: loss=0.6971, lr=1.15e-05
2026-01-03 22:48:26 | DEBUG    | E72 S500/1251: loss=0.6764, lr=1.14e-05
2026-01-03 22:48:42 | DEBUG    | E72 S600/1251: loss=0.7463, lr=1.13e-05
2026-01-03 22:48:58 | DEBUG    | E72 S700/1251: loss=0.7876, lr=1.12e-05
2026-01-03 22:49:14 | DEBUG    | E72 S800/1251: loss=0.9287, lr=1.11e-05
2026-01-03 22:49:29 | DEBUG    | E72 S900/1251: loss=0.6566, lr=1.10e-05
2026-01-03 22:49:45 | DEBUG    | E72 S1000/1251: loss=0.8893, lr=1.09e-05
2026-01-03 22:50:01 | DEBUG    | E72 S1100/1251: loss=0.6136, lr=1.08e-05
2026-01-03 22:50:16 | DEBUG    | E72 S1200/1251: loss=0.7478, lr=1.07e-05
2026-01-03 22:51:25 | INFO     | E 72/90: loss=0.7871, train=80.1%, val=72.88%*, 6506 img/s, belief=1.269, align=0.141
2026-01-03 22:51:45 | DEBUG    | E73 S100/1251: loss=0.6895, lr=1.06e-05
2026-01-03 22:52:00 | DEBUG    | E73 S200/1251: loss=0.6757, lr=1.05e-05
2026-01-03 22:52:16 | DEBUG    | E73 S300/1251: loss=0.7625, lr=1.04e-05
2026-01-03 22:52:31 | DEBUG    | E73 S400/1251: loss=0.6482, lr=1.03e-05
2026-01-03 22:52:47 | DEBUG    | E73 S500/1251: loss=0.9015, lr=1.02e-05
2026-01-03 22:53:03 | DEBUG    | E73 S600/1251: loss=0.7541, lr=1.01e-05
2026-01-03 22:53:19 | DEBUG    | E73 S700/1251: loss=0.8301, lr=1.00e-05
2026-01-03 22:53:34 | DEBUG    | E73 S800/1251: loss=0.5518, lr=9.95e-06
2026-01-03 22:53:50 | DEBUG    | E73 S900/1251: loss=0.5594, lr=9.86e-06
2026-01-03 22:54:06 | DEBUG    | E73 S1000/1251: loss=0.8595, lr=9.77e-06
2026-01-03 22:54:21 | DEBUG    | E73 S1100/1251: loss=0.6839, lr=9.68e-06
2026-01-03 22:54:37 | DEBUG    | E73 S1200/1251: loss=0.7834, lr=9.59e-06
2026-01-03 22:55:47 | INFO     | E 73/90: loss=0.7708, train=80.5%, val=72.87%, 6464 img/s, belief=1.269, align=0.140
2026-01-03 22:56:06 | DEBUG    | E74 S100/1251: loss=0.6475, lr=9.46e-06
2026-01-03 22:56:21 | DEBUG    | E74 S200/1251: loss=0.5556, lr=9.38e-06
2026-01-03 22:56:37 | DEBUG    | E74 S300/1251: loss=0.8949, lr=9.29e-06
2026-01-03 22:56:53 | DEBUG    | E74 S400/1251: loss=0.7620, lr=9.21e-06
2026-01-03 22:57:08 | DEBUG    | E74 S500/1251: loss=0.7886, lr=9.12e-06
2026-01-03 22:57:24 | DEBUG    | E74 S600/1251: loss=0.6708, lr=9.04e-06
2026-01-03 22:57:40 | DEBUG    | E74 S700/1251: loss=0.7424, lr=8.95e-06
2026-01-03 22:57:56 | DEBUG    | E74 S800/1251: loss=0.7793, lr=8.87e-06
2026-01-03 22:58:11 | DEBUG    | E74 S900/1251: loss=1.0053, lr=8.78e-06
2026-01-03 22:58:27 | DEBUG    | E74 S1000/1251: loss=0.9729, lr=8.70e-06
2026-01-03 22:58:43 | DEBUG    | E74 S1100/1251: loss=0.8548, lr=8.62e-06
2026-01-03 22:58:59 | DEBUG    | E74 S1200/1251: loss=1.0709, lr=8.53e-06
2026-01-03 23:00:08 | INFO     | E 74/90: loss=0.7586, train=80.8%, val=72.94%*, 6460 img/s, belief=1.269, align=0.141
2026-01-03 23:00:27 | DEBUG    | E75 S100/1251: loss=0.6203, lr=8.41e-06
2026-01-03 23:00:43 | DEBUG    | E75 S200/1251: loss=0.9591, lr=8.33e-06
2026-01-03 23:00:59 | DEBUG    | E75 S300/1251: loss=0.8122, lr=8.25e-06
2026-01-03 23:01:14 | DEBUG    | E75 S400/1251: loss=0.7654, lr=8.17e-06
2026-01-03 23:01:30 | DEBUG    | E75 S500/1251: loss=0.7854, lr=8.08e-06
2026-01-03 23:01:46 | DEBUG    | E75 S600/1251: loss=0.9144, lr=8.00e-06
2026-01-03 23:02:01 | DEBUG    | E75 S700/1251: loss=0.6833, lr=7.92e-06
2026-01-03 23:02:17 | DEBUG    | E75 S800/1251: loss=1.1191, lr=7.84e-06
2026-01-03 23:02:33 | DEBUG    | E75 S900/1251: loss=1.0303, lr=7.77e-06
2026-01-03 23:02:49 | DEBUG    | E75 S1000/1251: loss=0.6855, lr=7.69e-06
2026-01-03 23:03:04 | DEBUG    | E75 S1100/1251: loss=0.7431, lr=7.61e-06
2026-01-03 23:03:20 | DEBUG    | E75 S1200/1251: loss=0.7385, lr=7.53e-06
2026-01-03 23:04:29 | INFO     | E 75/90: loss=0.7482, train=81.0%, val=73.26%*, 6476 img/s, belief=1.269, align=0.140
2026-01-03 23:04:48 | DEBUG    | E76 S100/1251: loss=0.7582, lr=7.41e-06
2026-01-03 23:05:04 | DEBUG    | E76 S200/1251: loss=0.5618, lr=7.34e-06
2026-01-03 23:05:20 | DEBUG    | E76 S300/1251: loss=0.7482, lr=7.26e-06
2026-01-03 23:05:35 | DEBUG    | E76 S400/1251: loss=0.6030, lr=7.18e-06
2026-01-03 23:05:51 | DEBUG    | E76 S500/1251: loss=0.5075, lr=7.11e-06
2026-01-03 23:06:07 | DEBUG    | E76 S600/1251: loss=0.7345, lr=7.03e-06
2026-01-03 23:06:22 | DEBUG    | E76 S700/1251: loss=0.7574, lr=6.95e-06
2026-01-03 23:06:38 | DEBUG    | E76 S800/1251: loss=0.9435, lr=6.88e-06
2026-01-03 23:06:54 | DEBUG    | E76 S900/1251: loss=0.4593, lr=6.81e-06
2026-01-03 23:07:10 | DEBUG    | E76 S1000/1251: loss=0.6464, lr=6.73e-06
2026-01-03 23:07:25 | DEBUG    | E76 S1100/1251: loss=0.8623, lr=6.66e-06
2026-01-03 23:07:41 | DEBUG    | E76 S1200/1251: loss=0.7484, lr=6.58e-06
2026-01-03 23:08:50 | INFO     | E 76/90: loss=0.7340, train=81.4%, val=73.07%, 6483 img/s, belief=1.269, align=0.140
2026-01-03 23:09:09 | DEBUG    | E77 S100/1251: loss=0.8083, lr=6.47e-06
2026-01-03 23:09:25 | DEBUG    | E77 S200/1251: loss=0.6818, lr=6.40e-06
2026-01-03 23:09:41 | DEBUG    | E77 S300/1251: loss=0.5161, lr=6.33e-06
2026-01-03 23:09:56 | DEBUG    | E77 S400/1251: loss=0.7259, lr=6.26e-06
2026-01-03 23:10:12 | DEBUG    | E77 S500/1251: loss=0.8328, lr=6.19e-06
2026-01-03 23:10:28 | DEBUG    | E77 S600/1251: loss=0.6134, lr=6.11e-06
2026-01-03 23:10:43 | DEBUG    | E77 S700/1251: loss=0.7053, lr=6.04e-06
2026-01-03 23:10:59 | DEBUG    | E77 S800/1251: loss=0.8552, lr=5.97e-06
2026-01-03 23:11:15 | DEBUG    | E77 S900/1251: loss=0.8016, lr=5.90e-06
2026-01-03 23:11:30 | DEBUG    | E77 S1000/1251: loss=0.6290, lr=5.83e-06
2026-01-03 23:11:46 | DEBUG    | E77 S1100/1251: loss=0.7349, lr=5.77e-06
2026-01-03 23:12:02 | DEBUG    | E77 S1200/1251: loss=0.6688, lr=5.70e-06
2026-01-03 23:13:12 | INFO     | E 77/90: loss=0.7266, train=81.6%, val=73.12%, 6476 img/s, belief=1.269, align=0.140
2026-01-03 23:13:31 | DEBUG    | E78 S100/1251: loss=0.8525, lr=5.59e-06
2026-01-03 23:13:47 | DEBUG    | E78 S200/1251: loss=0.6424, lr=5.53e-06
2026-01-03 23:14:03 | DEBUG    | E78 S300/1251: loss=0.8099, lr=5.46e-06
2026-01-03 23:14:18 | DEBUG    | E78 S400/1251: loss=0.6994, lr=5.39e-06
2026-01-03 23:14:34 | DEBUG    | E78 S500/1251: loss=0.8429, lr=5.33e-06
2026-01-03 23:14:50 | DEBUG    | E78 S600/1251: loss=0.6561, lr=5.26e-06
2026-01-03 23:15:05 | DEBUG    | E78 S700/1251: loss=0.6781, lr=5.19e-06
2026-01-03 23:15:21 | DEBUG    | E78 S800/1251: loss=0.6820, lr=5.13e-06
2026-01-03 23:15:37 | DEBUG    | E78 S900/1251: loss=0.7353, lr=5.06e-06
2026-01-03 23:15:53 | DEBUG    | E78 S1000/1251: loss=0.7563, lr=5.00e-06
2026-01-03 23:16:08 | DEBUG    | E78 S1100/1251: loss=0.8854, lr=4.93e-06
2026-01-03 23:16:24 | DEBUG    | E78 S1200/1251: loss=1.0428, lr=4.87e-06
2026-01-03 23:17:33 | INFO     | E 78/90: loss=0.7194, train=81.8%, val=73.14%, 6472 img/s, belief=1.269, align=0.140
2026-01-03 23:17:52 | DEBUG    | E79 S100/1251: loss=0.6727, lr=4.78e-06
2026-01-03 23:18:08 | DEBUG    | E79 S200/1251: loss=0.7635, lr=4.71e-06
2026-01-03 23:18:23 | DEBUG    | E79 S300/1251: loss=0.8168, lr=4.65e-06
2026-01-03 23:18:39 | DEBUG    | E79 S400/1251: loss=0.6529, lr=4.59e-06
2026-01-03 23:18:55 | DEBUG    | E79 S500/1251: loss=0.8406, lr=4.53e-06
2026-01-03 23:19:11 | DEBUG    | E79 S600/1251: loss=0.7186, lr=4.47e-06
2026-01-03 23:19:26 | DEBUG    | E79 S700/1251: loss=0.8140, lr=4.40e-06
2026-01-03 23:19:42 | DEBUG    | E79 S800/1251: loss=0.5506, lr=4.34e-06
2026-01-03 23:19:58 | DEBUG    | E79 S900/1251: loss=0.6966, lr=4.28e-06
2026-01-03 23:20:13 | DEBUG    | E79 S1000/1251: loss=0.7183, lr=4.22e-06
2026-01-03 23:20:29 | DEBUG    | E79 S1100/1251: loss=0.4357, lr=4.16e-06
2026-01-03 23:20:45 | DEBUG    | E79 S1200/1251: loss=0.5433, lr=4.11e-06
2026-01-03 23:21:54 | INFO     | E 79/90: loss=0.7136, train=82.0%, val=73.27%*, 6471 img/s, belief=1.269, align=0.140
2026-01-03 23:22:13 | DEBUG    | E80 S100/1251: loss=0.4700, lr=4.02e-06
2026-01-03 23:22:29 | DEBUG    | E80 S200/1251: loss=0.7504, lr=3.96e-06
2026-01-03 23:22:45 | DEBUG    | E80 S300/1251: loss=0.6695, lr=3.90e-06
2026-01-03 23:23:00 | DEBUG    | E80 S400/1251: loss=0.5511, lr=3.85e-06
2026-01-03 23:23:16 | DEBUG    | E80 S500/1251: loss=0.6733, lr=3.79e-06
2026-01-03 23:23:32 | DEBUG    | E80 S600/1251: loss=0.6428, lr=3.73e-06
2026-01-03 23:23:47 | DEBUG    | E80 S700/1251: loss=0.8552, lr=3.68e-06
2026-01-03 23:24:03 | DEBUG    | E80 S800/1251: loss=0.9574, lr=3.62e-06
2026-01-03 23:24:19 | DEBUG    | E80 S900/1251: loss=0.7487, lr=3.57e-06
2026-01-03 23:24:34 | DEBUG    | E80 S1000/1251: loss=0.8035, lr=3.51e-06
2026-01-03 23:24:50 | DEBUG    | E80 S1100/1251: loss=0.8838, lr=3.46e-06
2026-01-03 23:25:06 | DEBUG    | E80 S1200/1251: loss=0.8371, lr=3.40e-06
2026-01-03 23:26:15 | INFO     | E 80/90: loss=0.6977, train=82.4%, val=73.29%*, 6498 img/s, belief=1.269, align=0.140
2026-01-03 23:26:34 | DEBUG    | E81 S100/1251: loss=0.8220, lr=3.32e-06
2026-01-03 23:26:49 | DEBUG    | E81 S200/1251: loss=0.7793, lr=3.27e-06
2026-01-03 23:27:05 | DEBUG    | E81 S300/1251: loss=0.5037, lr=3.22e-06
2026-01-03 23:27:21 | DEBUG    | E81 S400/1251: loss=0.5499, lr=3.17e-06
2026-01-03 23:27:36 | DEBUG    | E81 S500/1251: loss=0.7099, lr=3.12e-06
2026-01-03 23:27:52 | DEBUG    | E81 S600/1251: loss=0.6466, lr=3.06e-06
2026-01-03 23:28:07 | DEBUG    | E81 S700/1251: loss=0.5242, lr=3.01e-06
2026-01-03 23:28:23 | DEBUG    | E81 S800/1251: loss=0.5836, lr=2.96e-06
2026-01-03 23:28:39 | DEBUG    | E81 S900/1251: loss=0.7090, lr=2.91e-06
2026-01-03 23:28:55 | DEBUG    | E81 S1000/1251: loss=0.7641, lr=2.86e-06
2026-01-03 23:29:10 | DEBUG    | E81 S1100/1251: loss=0.6191, lr=2.81e-06
2026-01-03 23:29:26 | DEBUG    | E81 S1200/1251: loss=0.6234, lr=2.77e-06
2026-01-03 23:30:37 | INFO     | E 81/90: loss=0.6908, train=82.5%, val=73.33%*, 6491 img/s, belief=1.269, align=0.140
2026-01-03 23:30:56 | DEBUG    | E82 S100/1251: loss=0.7570, lr=2.69e-06
2026-01-03 23:31:12 | DEBUG    | E82 S200/1251: loss=0.5509, lr=2.65e-06
2026-01-03 23:31:27 | DEBUG    | E82 S300/1251: loss=0.8557, lr=2.60e-06
2026-01-03 23:31:43 | DEBUG    | E82 S400/1251: loss=0.7233, lr=2.55e-06
2026-01-03 23:31:59 | DEBUG    | E82 S500/1251: loss=0.9014, lr=2.51e-06
2026-01-03 23:32:14 | DEBUG    | E82 S600/1251: loss=0.4343, lr=2.46e-06
2026-01-03 23:32:30 | DEBUG    | E82 S700/1251: loss=0.6833, lr=2.41e-06
2026-01-03 23:32:46 | DEBUG    | E82 S800/1251: loss=0.6100, lr=2.37e-06
2026-01-03 23:33:02 | DEBUG    | E82 S900/1251: loss=0.5943, lr=2.32e-06
2026-01-03 23:33:17 | DEBUG    | E82 S1000/1251: loss=0.6905, lr=2.28e-06
2026-01-03 23:33:33 | DEBUG    | E82 S1100/1251: loss=0.4890, lr=2.24e-06
2026-01-03 23:33:49 | DEBUG    | E82 S1200/1251: loss=0.7521, lr=2.19e-06
2026-01-03 23:34:58 | INFO     | E 82/90: loss=0.6844, train=82.7%, val=73.37%*, 6485 img/s, belief=1.269, align=0.140
2026-01-03 23:35:17 | DEBUG    | E83 S100/1251: loss=0.6034, lr=2.13e-06
2026-01-03 23:35:33 | DEBUG    | E83 S200/1251: loss=0.6290, lr=2.08e-06
2026-01-03 23:35:49 | DEBUG    | E83 S300/1251: loss=0.7272, lr=2.04e-06
2026-01-03 23:36:04 | DEBUG    | E83 S400/1251: loss=0.6924, lr=2.00e-06
2026-01-03 23:36:20 | DEBUG    | E83 S500/1251: loss=0.6547, lr=1.96e-06
2026-01-03 23:36:36 | DEBUG    | E83 S600/1251: loss=0.5578, lr=1.92e-06
2026-01-03 23:36:52 | DEBUG    | E83 S700/1251: loss=0.5947, lr=1.88e-06
2026-01-03 23:37:07 | DEBUG    | E83 S800/1251: loss=0.5547, lr=1.84e-06
2026-01-03 23:37:23 | DEBUG    | E83 S900/1251: loss=0.7795, lr=1.80e-06
2026-01-03 23:37:39 | DEBUG    | E83 S1000/1251: loss=0.6978, lr=1.76e-06
2026-01-03 23:37:55 | DEBUG    | E83 S1100/1251: loss=0.8608, lr=1.72e-06
2026-01-03 23:38:11 | DEBUG    | E83 S1200/1251: loss=0.5394, lr=1.68e-06
2026-01-03 23:39:19 | INFO     | E 83/90: loss=0.6788, train=82.9%, val=73.40%*, 6470 img/s, belief=1.269, align=0.139
2026-01-03 23:39:39 | DEBUG    | E84 S100/1251: loss=0.4965, lr=1.63e-06
2026-01-03 23:39:54 | DEBUG    | E84 S200/1251: loss=0.6155, lr=1.59e-06
2026-01-03 23:40:10 | DEBUG    | E84 S300/1251: loss=0.7887, lr=1.55e-06
2026-01-03 23:40:26 | DEBUG    | E84 S400/1251: loss=0.5793, lr=1.52e-06
2026-01-03 23:40:42 | DEBUG    | E84 S500/1251: loss=0.6569, lr=1.48e-06
2026-01-03 23:40:57 | DEBUG    | E84 S600/1251: loss=0.6175, lr=1.45e-06
2026-01-03 23:41:13 | DEBUG    | E84 S700/1251: loss=1.0323, lr=1.41e-06
2026-01-03 23:41:29 | DEBUG    | E84 S800/1251: loss=0.7082, lr=1.38e-06
2026-01-03 23:41:45 | DEBUG    | E84 S900/1251: loss=0.6748, lr=1.34e-06
2026-01-03 23:42:00 | DEBUG    | E84 S1000/1251: loss=0.8907, lr=1.31e-06
2026-01-03 23:42:16 | DEBUG    | E84 S1100/1251: loss=0.7554, lr=1.27e-06
2026-01-03 23:42:32 | DEBUG    | E84 S1200/1251: loss=0.5969, lr=1.24e-06
2026-01-03 23:43:42 | INFO     | E 84/90: loss=0.6738, train=83.0%, val=73.49%*, 6451 img/s, belief=1.269, align=0.140
2026-01-03 23:44:00 | DEBUG    | E85 S100/1251: loss=0.5948, lr=1.19e-06
2026-01-03 23:44:16 | DEBUG    | E85 S200/1251: loss=0.6167, lr=1.16e-06
2026-01-03 23:44:32 | DEBUG    | E85 S300/1251: loss=0.5609, lr=1.13e-06
2026-01-03 23:44:48 | DEBUG    | E85 S400/1251: loss=0.7974, lr=1.10e-06
2026-01-03 23:45:03 | DEBUG    | E85 S500/1251: loss=0.6107, lr=1.07e-06
2026-01-03 23:45:19 | DEBUG    | E85 S600/1251: loss=0.6143, lr=1.04e-06
2026-01-03 23:45:35 | DEBUG    | E85 S700/1251: loss=0.6826, lr=1.01e-06
2026-01-03 23:45:51 | DEBUG    | E85 S800/1251: loss=0.5012, lr=9.78e-07
2026-01-03 23:46:06 | DEBUG    | E85 S900/1251: loss=0.7377, lr=9.50e-07
2026-01-03 23:46:23 | DEBUG    | E85 S1000/1251: loss=0.3872, lr=9.21e-07
2026-01-03 23:46:39 | DEBUG    | E85 S1100/1251: loss=0.8356, lr=8.93e-07
2026-01-03 23:46:55 | DEBUG    | E85 S1200/1251: loss=0.8180, lr=8.66e-07
2026-01-03 23:48:04 | INFO     | E 85/90: loss=0.6738, train=83.0%, val=73.57%*, 6437 img/s, belief=1.269, align=0.140
2026-01-03 23:48:23 | DEBUG    | E86 S100/1251: loss=0.7989, lr=8.25e-07
2026-01-03 23:48:39 | DEBUG    | E86 S200/1251: loss=0.4550, lr=7.98e-07
2026-01-03 23:48:54 | DEBUG    | E86 S300/1251: loss=0.5947, lr=7.72e-07
2026-01-03 23:49:10 | DEBUG    | E86 S400/1251: loss=0.4525, lr=7.46e-07
2026-01-03 23:49:26 | DEBUG    | E86 S500/1251: loss=0.8442, lr=7.21e-07
2026-01-03 23:49:41 | DEBUG    | E86 S600/1251: loss=0.7903, lr=6.96e-07
2026-01-03 23:49:57 | DEBUG    | E86 S700/1251: loss=0.7804, lr=6.72e-07
2026-01-03 23:50:13 | DEBUG    | E86 S800/1251: loss=0.5720, lr=6.48e-07
2026-01-03 23:50:28 | DEBUG    | E86 S900/1251: loss=0.6329, lr=6.25e-07
2026-01-03 23:50:44 | DEBUG    | E86 S1000/1251: loss=0.7641, lr=6.02e-07
2026-01-03 23:51:00 | DEBUG    | E86 S1100/1251: loss=0.5916, lr=5.79e-07
2026-01-03 23:51:16 | DEBUG    | E86 S1200/1251: loss=0.6129, lr=5.57e-07
2026-01-03 23:52:25 | INFO     | E 86/90: loss=0.6699, train=83.0%, val=73.57%, 6478 img/s, belief=1.269, align=0.139
2026-01-03 23:52:44 | DEBUG    | E87 S100/1251: loss=0.7224, lr=5.24e-07
2026-01-03 23:53:00 | DEBUG    | E87 S200/1251: loss=0.6040, lr=5.03e-07
2026-01-03 23:53:15 | DEBUG    | E87 S300/1251: loss=0.5729, lr=4.82e-07
2026-01-03 23:53:31 | DEBUG    | E87 S400/1251: loss=0.7011, lr=4.62e-07
2026-01-03 23:53:47 | DEBUG    | E87 S500/1251: loss=0.5072, lr=4.42e-07
2026-01-03 23:54:02 | DEBUG    | E87 S600/1251: loss=0.5874, lr=4.23e-07
2026-01-03 23:54:18 | DEBUG    | E87 S700/1251: loss=0.7142, lr=4.04e-07
2026-01-03 23:54:34 | DEBUG    | E87 S800/1251: loss=0.5715, lr=3.85e-07
2026-01-03 23:54:49 | DEBUG    | E87 S900/1251: loss=0.6879, lr=3.67e-07
2026-01-03 23:55:05 | DEBUG    | E87 S1000/1251: loss=0.6849, lr=3.50e-07
2026-01-03 23:55:21 | DEBUG    | E87 S1100/1251: loss=0.3824, lr=3.32e-07
2026-01-03 23:55:37 | DEBUG    | E87 S1200/1251: loss=0.8435, lr=3.16e-07
2026-01-03 23:56:46 | INFO     | E 87/90: loss=0.6665, train=83.2%, val=73.58%*, 6464 img/s, belief=1.269, align=0.140
2026-01-03 23:57:05 | DEBUG    | E88 S100/1251: loss=0.6179, lr=2.91e-07
2026-01-03 23:57:20 | DEBUG    | E88 S200/1251: loss=0.7790, lr=2.75e-07
2026-01-03 23:57:36 | DEBUG    | E88 S300/1251: loss=0.4393, lr=2.60e-07
2026-01-03 23:57:52 | DEBUG    | E88 S400/1251: loss=0.7040, lr=2.45e-07
2026-01-03 23:58:07 | DEBUG    | E88 S500/1251: loss=0.7968, lr=2.31e-07
2026-01-03 23:58:23 | DEBUG    | E88 S600/1251: loss=0.6209, lr=2.17e-07
2026-01-03 23:58:39 | DEBUG    | E88 S700/1251: loss=0.7817, lr=2.03e-07
2026-01-03 23:58:55 | DEBUG    | E88 S800/1251: loss=0.5792, lr=1.90e-07
2026-01-03 23:59:10 | DEBUG    | E88 S900/1251: loss=0.4913, lr=1.78e-07
2026-01-03 23:59:26 | DEBUG    | E88 S1000/1251: loss=0.6964, lr=1.65e-07
2026-01-03 23:59:42 | DEBUG    | E88 S1100/1251: loss=0.7719, lr=1.54e-07
2026-01-03 23:59:58 | DEBUG    | E88 S1200/1251: loss=0.6569, lr=1.42e-07
2026-01-04 00:01:07 | INFO     | E 88/90: loss=0.6617, train=83.3%, val=73.57%, 6460 img/s, belief=1.269, align=0.140
2026-01-04 00:01:26 | DEBUG    | E89 S100/1251: loss=0.5719, lr=1.26e-07
2026-01-04 00:01:42 | DEBUG    | E89 S200/1251: loss=0.6006, lr=1.16e-07
2026-01-04 00:01:58 | DEBUG    | E89 S300/1251: loss=0.6186, lr=1.06e-07
2026-01-04 00:02:13 | DEBUG    | E89 S400/1251: loss=0.4178, lr=9.65e-08
2026-01-04 00:02:29 | DEBUG    | E89 S500/1251: loss=0.6078, lr=8.75e-08
2026-01-04 00:02:45 | DEBUG    | E89 S600/1251: loss=0.6086, lr=7.90e-08
2026-01-04 00:03:00 | DEBUG    | E89 S700/1251: loss=0.6667, lr=7.09e-08
2026-01-04 00:03:16 | DEBUG    | E89 S800/1251: loss=0.8115, lr=6.33e-08
2026-01-04 00:03:32 | DEBUG    | E89 S900/1251: loss=0.5605, lr=5.61e-08
2026-01-04 00:03:48 | DEBUG    | E89 S1000/1251: loss=0.5888, lr=4.93e-08
2026-01-04 00:04:04 | DEBUG    | E89 S1100/1251: loss=0.6905, lr=4.29e-08
2026-01-04 00:04:19 | DEBUG    | E89 S1200/1251: loss=0.4942, lr=3.70e-08
2026-01-04 00:05:29 | INFO     | E 89/90: loss=0.6681, train=83.1%, val=73.56%, 6462 img/s, belief=1.269, align=0.140
2026-01-04 00:05:48 | DEBUG    | E90 S100/1251: loss=0.5550, lr=2.90e-08
2026-01-04 00:06:03 | DEBUG    | E90 S200/1251: loss=0.6666, lr=2.41e-08
2026-01-04 00:06:19 | DEBUG    | E90 S300/1251: loss=0.5637, lr=1.98e-08
2026-01-04 00:06:35 | DEBUG    | E90 S400/1251: loss=0.6075, lr=1.58e-08
2026-01-04 00:06:50 | DEBUG    | E90 S500/1251: loss=0.7204, lr=1.23e-08
2026-01-04 00:07:06 | DEBUG    | E90 S600/1251: loss=0.5615, lr=9.28e-09
2026-01-04 00:07:22 | DEBUG    | E90 S700/1251: loss=0.4554, lr=6.65e-09
2026-01-04 00:07:38 | DEBUG    | E90 S800/1251: loss=0.7051, lr=4.46e-09
2026-01-04 00:07:54 | DEBUG    | E90 S900/1251: loss=0.6568, lr=2.70e-09
2026-01-04 00:08:09 | DEBUG    | E90 S1000/1251: loss=0.6830, lr=1.39e-09
2026-01-04 00:08:25 | DEBUG    | E90 S1100/1251: loss=0.5436, lr=5.04e-10
2026-01-04 00:08:41 | DEBUG    | E90 S1200/1251: loss=0.5292, lr=5.90e-11
2026-01-04 00:09:50 | INFO     | E 90/90: loss=0.6611, train=83.4%, val=73.64%*, 6466 img/s, belief=1.269, align=0.140
2026-01-04 00:09:50 | INFO     | Training complete. Best: 73.64%
2026-01-04 00:09:51 | INFO     | ======================================================================
2026-01-04 00:09:51 | INFO     | Model: resnet50 | Optimizer: rlo_lambda_a
2026-01-04 00:09:51 | INFO     | Global batch: 1024 | Per-GPU: 128 | Epochs: 90
2026-01-04 00:09:51 | INFO     | LR: 0.0001 | WD: 0.5
2026-01-04 00:09:51 | INFO     | ======================================================================
2026-01-04 00:09:54 | INFO     | Train: 1281167 samples, 1251 steps/epoch
2026-01-04 00:09:54 | INFO     | Val: 50000 samples
2026-01-04 00:09:55 | INFO     | Parameters: 25.6M
2026-01-04 00:10:12 | DEBUG    | E1 S100/1251: loss=6.8855, lr=1.58e-06
2026-01-04 00:10:28 | DEBUG    | E1 S200/1251: loss=6.8877, lr=3.18e-06
2026-01-04 00:10:44 | DEBUG    | E1 S300/1251: loss=6.8127, lr=4.78e-06
2026-01-04 00:10:59 | DEBUG    | E1 S400/1251: loss=6.7612, lr=6.38e-06
2026-01-04 00:11:14 | DEBUG    | E1 S500/1251: loss=6.5647, lr=7.98e-06
2026-01-04 00:11:30 | DEBUG    | E1 S600/1251: loss=6.5039, lr=9.58e-06
2026-01-04 00:11:45 | DEBUG    | E1 S700/1251: loss=6.2914, lr=1.12e-05
2026-01-04 00:12:00 | DEBUG    | E1 S800/1251: loss=6.2549, lr=1.28e-05
2026-01-04 00:12:16 | DEBUG    | E1 S900/1251: loss=5.9313, lr=1.44e-05
2026-01-04 00:12:30 | DEBUG    | E1 S1000/1251: loss=5.9733, lr=1.60e-05
2026-01-04 00:12:46 | DEBUG    | E1 S1100/1251: loss=5.6319, lr=1.76e-05
2026-01-04 00:13:01 | DEBUG    | E1 S1200/1251: loss=5.3713, lr=1.92e-05
2026-01-04 00:14:10 | INFO     | E  1/90: loss=6.3582, train=2.0%, val=7.62%*, 6676 img/s, belief=1.269, align=0.000
2026-01-04 00:14:27 | DEBUG    | E2 S100/1251: loss=5.3105, lr=2.16e-05
2026-01-04 00:14:42 | DEBUG    | E2 S200/1251: loss=5.1065, lr=2.32e-05
2026-01-04 00:14:57 | DEBUG    | E2 S300/1251: loss=4.8876, lr=2.48e-05
2026-01-04 00:15:12 | DEBUG    | E2 S400/1251: loss=4.9621, lr=2.64e-05
2026-01-04 00:15:27 | DEBUG    | E2 S500/1251: loss=4.6666, lr=2.80e-05
2026-01-04 00:15:43 | DEBUG    | E2 S600/1251: loss=4.6253, lr=2.96e-05
2026-01-04 00:15:58 | DEBUG    | E2 S700/1251: loss=4.5695, lr=3.12e-05
2026-01-04 00:16:13 | DEBUG    | E2 S800/1251: loss=4.4488, lr=3.28e-05
2026-01-04 00:16:28 | DEBUG    | E2 S900/1251: loss=4.3404, lr=3.44e-05
2026-01-04 00:16:43 | DEBUG    | E2 S1000/1251: loss=4.3194, lr=3.60e-05
2026-01-04 00:16:58 | DEBUG    | E2 S1100/1251: loss=4.0007, lr=3.76e-05
2026-01-04 00:17:13 | DEBUG    | E2 S1200/1251: loss=4.0675, lr=3.92e-05
2026-01-04 00:18:22 | INFO     | E  2/90: loss=4.6554, train=14.1%, val=23.08%*, 6785 img/s, belief=1.269, align=0.000
2026-01-04 00:18:40 | DEBUG    | E3 S100/1251: loss=4.0996, lr=4.16e-05
2026-01-04 00:18:55 | DEBUG    | E3 S200/1251: loss=3.5866, lr=4.32e-05
2026-01-04 00:19:10 | DEBUG    | E3 S300/1251: loss=3.8153, lr=4.48e-05
2026-01-04 00:19:25 | DEBUG    | E3 S400/1251: loss=3.6436, lr=4.64e-05
2026-01-04 00:19:40 | DEBUG    | E3 S500/1251: loss=3.6312, lr=4.80e-05
2026-01-04 00:19:55 | DEBUG    | E3 S600/1251: loss=3.9068, lr=4.96e-05
2026-01-04 00:20:10 | DEBUG    | E3 S700/1251: loss=3.2920, lr=5.12e-05
2026-01-04 00:20:25 | DEBUG    | E3 S800/1251: loss=3.8534, lr=5.28e-05
2026-01-04 00:20:40 | DEBUG    | E3 S900/1251: loss=3.4327, lr=5.44e-05
2026-01-04 00:20:55 | DEBUG    | E3 S1000/1251: loss=3.1122, lr=5.60e-05
2026-01-04 00:21:10 | DEBUG    | E3 S1100/1251: loss=2.9870, lr=5.76e-05
2026-01-04 00:21:25 | DEBUG    | E3 S1200/1251: loss=3.4095, lr=5.92e-05
2026-01-04 00:22:33 | INFO     | E  3/90: loss=3.6063, train=27.3%, val=35.10%*, 6808 img/s, belief=1.269, align=0.000
